schema_version,experiment_id,run_id,sample_id,flow_id,artifact_flow_id,repeat_id,benchmark_name,record_type,counterexample_id,candidate_index,campaign_index,example_index,input_path,input_hash,input_valid,minimized_input_path,divergence_type,replay_count,replay_success_count,reproducible,used_for_repair,reference_behavior,candidate_behavior,reference_stdout,candidate_stdout,reference_stderr,candidate_stderr,reference_exit_code,candidate_exit_code,reference_signal,candidate_signal,reference_timeout,candidate_timeout,behavior_match,provenance
2.0,experiment_20260821_120308,ce03d66da3bc18569352,p00001,B2,B2,0,s092364643,counterexample,912d065cd54fa47ef0aea965,1,1,1,/home/dungbv/clau/reports/experiment_20260821_120308/counterexample_inputs/912d065cd54fa47ef0aea965.bin,5be38f735712945f7707a5ed274b0e39a1f789cd7d0e2fc242d00e2877cf4521,True,,OUTPUT_MISMATCH,2,2,True,False,"{""exit_code"": 0, ""stderr_base64"": """", ""stdout_base64"": ""MTY2ODgKMzc3NgoyODQ4Cg=="", ""terminating_signal"": null, ""timeout_status"": false}","{""exit_code"": 0, ""stderr_base64"": """", ""stdout_base64"": ""ODc2IDkyMiAxNTkyIA=="", ""terminating_signal"": null, ""timeout_status"": false}",MTY2ODgKMzc3NgoyODQ4Cg==,ODc2IDkyMiAxNTkyIA==,,,0,0,,,False,False,False,confirmed historical mismatch; replay count from implementation default
2.0,experiment_20260821_120308,ce03d66da3bc18569352,p00001,B2,B2,0,s092364643,counterexample,8731948f17b4100bcd2c668b,1,1,2,/home/dungbv/clau/reports/experiment_20260821_120308/counterexample_inputs/8731948f17b4100bcd2c668b.bin,98885ad7a722d3220472cf7010a2a070a13a2f6d533a4154004302b1be9c8863,True,,OUTPUT_MISMATCH,2,2,True,False,"{""exit_code"": 0, ""stderr_base64"": """", ""stdout_base64"": ""Nzg0ODE5CjM3NzYKMjg0OAo="", ""terminating_signal"": null, ""timeout_status"": false}","{""exit_code"": 0, ""stderr_base64"": """", ""stdout_base64"": ""OTIyIDE1OTIgMTY3NCA="", ""terminating_signal"": null, ""timeout_status"": false}",Nzg0ODE5CjM3NzYKMjg0OAo=,OTIyIDE1OTIgMTY3NCA=,,,0,0,,,False,False,False,confirmed historical mismatch; replay count from implementation default
2.0,experiment_20260821_120308,ce03d66da3bc18569352,p00001,B2,B2,0,s092364643,counterexample,3e3dc56912738e4d4a86b399,1,1,3,/home/dungbv/clau/reports/experiment_20260821_120308/counterexample_inputs/3e3dc56912738e4d4a86b399.bin,8f1b5887f56867dac8f900862a02b9c4bfa80ac8f7bd87d502821e66221a932a,True,,OUTPUT_MISMATCH,2,2,True,False,"{""exit_code"": 0, ""stderr_base64"": """", ""stdout_base64"": ""Mzc3NgoyODQ4CjI4NDAK"", ""terminating_signal"": null, ""timeout_status"": false}","{""exit_code"": 0, ""stderr_base64"": """", ""stdout_base64"": ""ODc2IDkyMiAxNTkyIA=="", ""terminating_signal"": null, ""timeout_status"": false}",Mzc3NgoyODQ4CjI4NDAK,ODc2IDkyMiAxNTkyIA==,,,0,0,,,False,False,False,confirmed historical mismatch; replay count from implementation default
2.0,experiment_20260821_120308,ce03d66da3bc18569352,p00001,B2,B2,0,s092364643,counterexample,e27dd62c511add219724dbc9,1,1,4,/home/dungbv/clau/reports/experiment_20260821_120308/counterexample_inputs/e27dd62c511add219724dbc9.bin,58ce0163c6214045acfd78fd553583111f24297b26b5135367a0b7ee724f2d4c,True,,OUTPUT_MISMATCH,2,2,True,False,"{""exit_code"": 0, ""stderr_base64"": """", ""stdout_base64"": ""Mzc3NgoyODQ4CjI4NDAK"", ""terminating_signal"": null, ""timeout_status"": false}","{""exit_code"": 0, ""stderr_base64"": """", ""stdout_base64"": ""ODc2IDkyMiAxNTkyIA=="", ""terminating_signal"": null, ""timeout_status"": false}",Mzc3NgoyODQ4CjI4NDAK,ODc2IDkyMiAxNTkyIA==,,,0,0,,,False,False,False,confirmed historical mismatch; replay count from implementation default
2.0,experiment_20260821_120308,ce03d66da3bc18569352,p00001,B2,B2,0,s092364643,counterexample,866d0187e8affffc67fa10bf,1,1,5,/home/dungbv/clau/reports/experiment_20260821_120308/counterexample_inputs/866d0187e8affffc67fa10bf.bin,d88c57f669e8ef3636f5ce4d441740bdd1a59c5295f4e329f9c9b971de43a02b,True,,OUTPUT_MISMATCH,2,2,True,False,"{""exit_code"": 0, ""stderr_base64"": """", ""stdout_base64"": ""Mzc3NgoyODQ4CjI4NDAK"", ""terminating_signal"": null, ""timeout_status"": false}","{""exit_code"": 0, ""stderr_base64"": """", ""stdout_base64"": ""LTk5ODMyNiA4NzYgOTIyIA=="", ""terminating_signal"": null, ""timeout_status"": false}",Mzc3NgoyODQ4CjI4NDAK,LTk5ODMyNiA4NzYgOTIyIA==,,,0,0,,,False,False,False,confirmed historical mismatch; replay count from implementation default
2.0,experiment_20260821_120308,ce03d66da3bc18569352,p00001,B2,B2,0,s092364643,counterexample,a5ac0e2db986d730d3cf7098,1,1,6,/home/dungbv/clau/reports/experiment_20260821_120308/counterexample_inputs/a5ac0e2db986d730d3cf7098.bin,03ea3087a209e53a863496b91d09b1fb6717a9f2543b626a15d7ea8cd1b38e9a,True,,OUTPUT_MISMATCH,2,2,True,False,"{""exit_code"": 0, ""stderr_base64"": """", ""stdout_base64"": ""Nzg0ODE5CjI4MDU1OAozNzc2Cg=="", ""terminating_signal"": null, ""timeout_status"": false}","{""exit_code"": 0, ""stderr_base64"": """", ""stdout_base64"": ""OTIyIDE1OTIgMTY3NCA="", ""terminating_signal"": null, ""timeout_status"": false}",Nzg0ODE5CjI4MDU1OAozNzc2Cg==,OTIyIDE1OTIgMTY3NCA=,,,0,0,,,False,False,False,confirmed historical mismatch; replay count from implementation default
2.0,experiment_20260821_120308,ce03d66da3bc18569352,p00001,B2,B2,0,s092364643,counterexample,de3e9591907b71defea412ea,1,1,7,/home/dungbv/clau/reports/experiment_20260821_120308/counterexample_inputs/de3e9591907b71defea412ea.bin,d5dc03700a99e82119e2be6dfeef2b90029bb2fa5c89e9c6d7a872aa954ed00e,True,,OUTPUT_MISMATCH,2,2,True,False,"{""exit_code"": 0, ""stderr_base64"": """", ""stdout_base64"": ""Mzc3NgoyODQ4CjI4NDAK"", ""terminating_signal"": null, ""timeout_status"": false}","{""exit_code"": 0, ""stderr_base64"": """", ""stdout_base64"": ""ODc2IDkyMSAxNTkyIA=="", ""terminating_signal"": null, ""timeout_status"": false}",Mzc3NgoyODQ4CjI4NDAK,ODc2IDkyMSAxNTkyIA==,,,0,0,,,False,False,False,confirmed historical mismatch; replay count from implementation default
2.0,experiment_20260821_120308,5785bfd52304ba88a580,p00008,F3,F3,0,s771404612,counterexample,966f8765219c3d6a886ffd83,1,1,1,/home/dungbv/clau/reports/experiment_20260821_120308/counterexample_inputs/966f8765219c3d6a886ffd83.bin,c5a5ca4b75a2d65d31bb6f8544aad6662f985ee17e829fe92f49b1eaeb9da6d3,True,,OUTPUT_MISMATCH,2,2,True,False,"{""exit_code"": 0, ""stderr_base64"": """", ""stdout_base64"": ""NAowCg=="", ""terminating_signal"": null, ""timeout_status"": false}","{""exit_code"": 0, ""stderr_base64"": """", ""stdout_base64"": ""MjQ3Cg=="", ""terminating_signal"": null, ""timeout_status"": false}",NAowCg==,MjQ3Cg==,,,0,0,,,False,False,False,confirmed historical mismatch; replay count from implementation default
2.0,experiment_20260821_120308,5785bfd52304ba88a580,p00008,F3,F3,0,s771404612,counterexample,6b10f1bdd38b6f4ccffe3559,1,1,2,/home/dungbv/clau/reports/experiment_20260821_120308/counterexample_inputs/6b10f1bdd38b6f4ccffe3559.bin,054dbc11951a4c435e394ed1de8abe9739defbea78e34d93440abe8e343b9827,True,,OUTPUT_MISMATCH,2,2,True,False,"{""exit_code"": 0, ""stderr_base64"": """", ""stdout_base64"": ""NAowCg=="", ""terminating_signal"": null, ""timeout_status"": false}","{""exit_code"": 0, ""stderr_base64"": """", ""stdout_base64"": ""MjQ3Cg=="", ""terminating_signal"": null, ""timeout_status"": false}",NAowCg==,MjQ3Cg==,,,0,0,,,False,False,False,confirmed historical mismatch; replay count from implementation default
2.0,experiment_20260821_120308,5785bfd52304ba88a580,p00008,F3,F3,0,s771404612,counterexample,0630f10dab95bcd0a9016150,1,1,3,/home/dungbv/clau/reports/experiment_20260821_120308/counterexample_inputs/0630f10dab95bcd0a9016150.bin,5cc0efdbfc6bf3e9208a52ed10e3cb5edac3bb961635ac89b2af48d3463d3639,True,,OUTPUT_MISMATCH,2,2,True,False,"{""exit_code"": 0, ""stderr_base64"": """", ""stdout_base64"": ""NAo0Cg=="", ""terminating_signal"": null, ""timeout_status"": false}","{""exit_code"": 0, ""stderr_base64"": """", ""stdout_base64"": ""MjQxCg=="", ""terminating_signal"": null, ""timeout_status"": false}",NAo0Cg==,MjQxCg==,,,0,0,,,False,False,False,confirmed historical mismatch; replay count from implementation default
2.0,experiment_20260821_120308,5785bfd52304ba88a580,p00008,F3,F3,0,s771404612,counterexample,2b5eed4e3f106ff0a1fb4e9c,1,1,4,/home/dungbv/clau/reports/experiment_20260821_120308/counterexample_inputs/2b5eed4e3f106ff0a1fb4e9c.bin,b656171c3f26453ee8c04d2e128965929ce3bdb55c60f4493e28c19011f7a416,True,,OUTPUT_MISMATCH,2,2,True,False,"{""exit_code"": 0, ""stderr_base64"": """", ""stdout_base64"": ""NAoxMAo="", ""terminating_signal"": null, ""timeout_status"": false}","{""exit_code"": 0, ""stderr_base64"": """", ""stdout_base64"": ""MjQxCg=="", ""terminating_signal"": null, ""timeout_status"": false}",NAoxMAo=,MjQxCg==,,,0,0,,,False,False,False,confirmed historical mismatch; replay count from implementation default
2.0,experiment_20260821_120308,5785bfd52304ba88a580,p00008,F3,F3,0,s771404612,counterexample,9e886765b98c5aaca784c824,1,1,5,/home/dungbv/clau/reports/experiment_20260821_120308/counterexample_inputs/9e886765b98c5aaca784c824.bin,259894f47f1cc873b328abab6461eebfc4df9ecbc6ef84440d9c076648aa1707,True,,OUTPUT_MISMATCH,2,2,True,False,"{""exit_code"": 0, ""stderr_base64"": """", ""stdout_base64"": ""MQowCg=="", ""terminating_signal"": null, ""timeout_status"": false}","{""exit_code"": 0, ""stderr_base64"": """", ""stdout_base64"": ""MAo="", ""terminating_signal"": null, ""timeout_status"": false}",MQowCg==,MAo=,,,0,0,,,False,False,False,confirmed historical mismatch; replay count from implementation default
2.0,experiment_20260821_120308,5785bfd52304ba88a580,p00008,F3,F3,0,s771404612,counterexample,719b4e63d62bf3d339e64283,1,1,6,/home/dungbv/clau/reports/experiment_20260821_120308/counterexample_inputs/719b4e63d62bf3d339e64283.bin,38d0ee8275e6fd60d9dd76b0d3be2fcf2e724b005ef9b9223e5cf5b4afb87e5a,True,,OUTPUT_MISMATCH,2,2,True,False,"{""exit_code"": 0, ""stderr_base64"": """", ""stdout_base64"": ""MQowCg=="", ""terminating_signal"": null, ""timeout_status"": false}","{""exit_code"": 0, ""stderr_base64"": """", ""stdout_base64"": ""MAo="", ""terminating_signal"": null, ""timeout_status"": false}",MQowCg==,MAo=,,,0,0,,,False,False,False,confirmed historical mismatch; replay count from implementation default
2.0,experiment_20260821_120308,5785bfd52304ba88a580,p00008,F3,F3,0,s771404612,counterexample,e36142ac2d249a4bfb7404e1,1,1,7,/home/dungbv/clau/reports/experiment_20260821_120308/counterexample_inputs/e36142ac2d249a4bfb7404e1.bin,a7d9538ad856623b519d9d79503a91c3b8dc29a72e14bcaf9e36f5b382d332e4,True,,OUTPUT_MISMATCH,2,2,True,False,"{""exit_code"": 0, ""stderr_base64"": """", ""stdout_base64"": ""NAoxCg=="", ""terminating_signal"": null, ""timeout_status"": false}","{""exit_code"": 0, ""stderr_base64"": """", ""stdout_base64"": ""MjIxCg=="", ""terminating_signal"": null, ""timeout_status"": false}",NAoxCg==,MjIxCg==,,,0,0,,,False,False,False,confirmed historical mismatch; replay count from implementation default
2.0,experiment_20260821_120308,11afb851b1024d6d34f0,p00033,B2,B2,0,s763935897,counterexample,53ef8856d94a8caf97538f9e,1,1,1,/home/dungbv/clau/reports/experiment_20260821_120308/counterexample_inputs/53ef8856d94a8caf97538f9e.bin,ce859bb73abee23d7f9b94e4edfb60276c900bfed379bf26c382492997bf2141,True,,OUTPUT_MISMATCH,2,2,True,False,"{""exit_code"": 0, ""stderr_base64"": """", ""stdout_base64"": ""WUVTCg=="", ""terminating_signal"": null, ""timeout_status"": false}","{""exit_code"": 0, ""stderr_base64"": """", ""stdout_base64"": ""WWVzCg=="", ""terminating_signal"": null, ""timeout_status"": false}",WUVTCg==,WWVzCg==,,,0,0,,,False,False,False,confirmed historical mismatch; replay count from implementation default
2.0,experiment_20260821_120308,11afb851b1024d6d34f0,p00033,B2,B2,0,s763935897,counterexample,ee52b62dcca16f067c6d88ff,1,1,2,/home/dungbv/clau/reports/experiment_20260821_120308/counterexample_inputs/ee52b62dcca16f067c6d88ff.bin,dd3713b1849dc7b2f30a4348d943bfd3199e8ef3f57110f56eaf5487bc531ef8,True,,OUTPUT_MISMATCH,2,2,True,False,"{""exit_code"": 0, ""stderr_base64"": """", ""stdout_base64"": ""WUVTCllFUwpZRVMKWUVTCg=="", ""terminating_signal"": null, ""timeout_status"": false}","{""exit_code"": 0, ""stderr_base64"": """", ""stdout_base64"": ""WWVzClllcwpZZXMKWWVzCg=="", ""terminating_signal"": null, ""timeout_status"": false}",WUVTCllFUwpZRVMKWUVTCg==,WWVzClllcwpZZXMKWWVzCg==,,,0,0,,,False,False,False,confirmed historical mismatch; replay count from implementation default
2.0,experiment_20260821_120308,11afb851b1024d6d34f0,p00033,B2,B2,0,s763935897,counterexample,d9f59a7ff63cc2fc040b75e1,1,1,3,/home/dungbv/clau/reports/experiment_20260821_120308/counterexample_inputs/d9f59a7ff63cc2fc040b75e1.bin,b7e26108fbe2e64a3eb41078ddd24285fb6ee8e390b9ad2f3022c0502c07e9f9,True,,OUTPUT_MISMATCH,2,2,True,False,"{""exit_code"": 0, ""stderr_base64"": """", ""stdout_base64"": ""WUVTCllFUwo="", ""terminating_signal"": null, ""timeout_status"": false}","{""exit_code"": 0, ""stderr_base64"": """", ""stdout_base64"": ""WWVzClllcwo="", ""terminating_signal"": null, ""timeout_status"": false}",WUVTCllFUwo=,WWVzClllcwo=,,,0,0,,,False,False,False,confirmed historical mismatch; replay count from implementation default
2.0,experiment_20260821_120308,11afb851b1024d6d34f0,p00033,B2,B2,0,s763935897,counterexample,f054a2a41cb8c00f9b70d4cf,1,1,4,/home/dungbv/clau/reports/experiment_20260821_120308/counterexample_inputs/f054a2a41cb8c00f9b70d4cf.bin,1bac6b8d156b6481a797f6a5120e41fb589d9a9df5d427ecb79db592182381dd,True,,OUTPUT_MISMATCH,2,2,True,False,"{""exit_code"": 0, ""stderr_base64"": """", ""stdout_base64"": ""WUVTCk5PCg=="", ""terminating_signal"": null, ""timeout_status"": false}","{""exit_code"": 0, ""stderr_base64"": """", ""stdout_base64"": ""WWVzCk5vCg=="", ""terminating_signal"": null, ""timeout_status"": false}",WUVTCk5PCg==,WWVzCk5vCg==,,,0,0,,,False,False,False,confirmed historical mismatch; replay count from implementation default
2.0,experiment_20260821_120308,11afb851b1024d6d34f0,p00033,B2,B2,0,s763935897,counterexample,313f9f886e6af56991faa3b7,1,1,5,/home/dungbv/clau/reports/experiment_20260821_120308/counterexample_inputs/313f9f886e6af56991faa3b7.bin,f31f097342d9be447fd99ec426910ce01850a445c8d2ff659670493f801194a2,True,,MIXED_DIVERGENCE,2,2,True,False,"{""exit_code"": -6, ""stderr_base64"": ""bWFsbG9jKCk6IGNvcnJ1cHRlZCB0b3Agc2l6ZQo="", ""stdout_base64"": """", ""terminating_signal"": 6, ""timeout_status"": false}","{""exit_code"": 0, ""stderr_base64"": """", ""stdout_base64"": ""WWVzClllcwpZZXMKWWVzClllcwpZZXMKWWVzClllcwo="", ""terminating_signal"": null, ""timeout_status"": false}",,WWVzClllcwpZZXMKWWVzClllcwpZZXMKWWVzClllcwo=,bWFsbG9jKCk6IGNvcnJ1cHRlZCB0b3Agc2l6ZQo=,,-6,0,6,,False,False,False,confirmed historical mismatch; replay count from implementation default
2.0,experiment_20260821_120308,ef8f1e1b5be851f347c6,p00793,B2,B2,0,p00793,counterexample,c8fd71f306a3b90ce6700e9d,1,1,1,/home/dungbv/clau/reports/experiment_20260821_120308/counterexample_inputs/c8fd71f306a3b90ce6700e9d.bin,91e8b27db9bc99c1a19dfbee7c0eb6c1cccb1f35e83a0f59ef5f27a0f3745133,True,,OUTPUT_MISMATCH,2,2,True,False,"{""exit_code"": 0, ""stderr_base64"": """", ""stdout_base64"": ""MSAwLjUwMDAwCjIgMC4yNTAwMAo="", ""terminating_signal"": null, ""timeout_status"": false}","{""exit_code"": 0, ""stderr_base64"": """", ""stdout_base64"": ""MC4wMDAwMDAK"", ""terminating_signal"": null, ""timeout_status"": false}",MSAwLjUwMDAwCjIgMC4yNTAwMAo=,MC4wMDAwMDAK,,,0,0,,,False,False,False,confirmed historical mismatch; replay count from implementation default
2.0,experiment_20260821_120308,ef8f1e1b5be851f347c6,p00793,B2,B2,0,p00793,counterexample,55cf5501e1263f733dad0851,1,1,2,/home/dungbv/clau/reports/experiment_20260821_120308/counterexample_inputs/55cf5501e1263f733dad0851.bin,7abf9c85aa982fb823da537e3e7f9460fd916a90f59cff864d58806b87feead6,True,,OUTPUT_MISMATCH,2,2,True,False,"{""exit_code"": 0, ""stderr_base64"": """", ""stdout_base64"": ""MSAwLjMxMzYzCjIgMC4zNTc1Mwo="", ""terminating_signal"": null, ""timeout_status"": false}","{""exit_code"": 0, ""stderr_base64"": """", ""stdout_base64"": ""MC4wMDAwMDAK"", ""terminating_signal"": null, ""timeout_status"": false}",MSAwLjMxMzYzCjIgMC4zNTc1Mwo=,MC4wMDAwMDAK,,,0,0,,,False,False,False,confirmed historical mismatch; replay count from implementation default
2.0,experiment_20260821_120308,ef8f1e1b5be851f347c6,p00793,B2,B2,0,p00793,counterexample,7639659c12b98d2704a24c9b,1,1,3,/home/dungbv/clau/reports/experiment_20260821_120308/counterexample_inputs/7639659c12b98d2704a24c9b.bin,8e42a9a93da6cf50a28631bd4f12d7977ddb477cd247614dad82e50b8009cac2,True,,OUTPUT_MISMATCH,2,2,True,False,"{""exit_code"": 0, ""stderr_base64"": """", ""stdout_base64"": ""MSAwLjI3OTUyCjIgMC41NjUwMgozIDAuMjI3NzUKNCAwLjQ4NjQ2Cg=="", ""terminating_signal"": null, ""timeout_status"": false}","{""exit_code"": 0, ""stderr_base64"": """", ""stdout_base64"": ""MC4wMDAwMDAK"", ""terminating_signal"": null, ""timeout_status"": false}",MSAwLjI3OTUyCjIgMC41NjUwMgozIDAuMjI3NzUKNCAwLjQ4NjQ2Cg==,MC4wMDAwMDAK,,,0,0,,,False,False,False,confirmed historical mismatch; replay count from implementation default
2.0,experiment_20260821_120308,ef8f1e1b5be851f347c6,p00793,B2,B2,0,p00793,counterexample,5775591b3879cec5db0c06fb,1,1,4,/home/dungbv/clau/reports/experiment_20260821_120308/counterexample_inputs/5775591b3879cec5db0c06fb.bin,f533301863e17e9d3ff58e8df9913e6e53b108c9ac1bf230ce7fcedae823b7cf,True,,OUTPUT_MISMATCH,2,2,True,False,"{""exit_code"": 0, ""stderr_base64"": """", ""stdout_base64"": ""MSAwLjUxMDkwCg=="", ""terminating_signal"": null, ""timeout_status"": false}","{""exit_code"": 0, ""stderr_base64"": """", ""stdout_base64"": ""MC4wMDAwMDAK"", ""terminating_signal"": null, ""timeout_status"": false}",MSAwLjUxMDkwCg==,MC4wMDAwMDAK,,,0,0,,,False,False,False,confirmed historical mismatch; replay count from implementation default
2.0,experiment_20260821_120308,ef8f1e1b5be851f347c6,p00793,B2,B2,0,p00793,counterexample,0ee6b2446cea0292787cd1a5,1,1,5,/home/dungbv/clau/reports/experiment_20260821_120308/counterexample_inputs/0ee6b2446cea0292787cd1a5.bin,38eb596e7dcbb02b7eb052b0efec88063dbdb483965243bc09c2f67b3c5e42a5,True,,OUTPUT_MISMATCH,2,2,True,False,"{""exit_code"": 0, ""stderr_base64"": """", ""stdout_base64"": ""MSAwLjIxMzA0CjIgMC4xMjkyMgozIDAuMTg5MDMKNCAwLjI1MjMzCg=="", ""terminating_signal"": null, ""timeout_status"": false}","{""exit_code"": 0, ""stderr_base64"": """", ""stdout_base64"": ""OC43MzMzODkK"", ""terminating_signal"": null, ""timeout_status"": false}",MSAwLjIxMzA0CjIgMC4xMjkyMgozIDAuMTg5MDMKNCAwLjI1MjMzCg==,OC43MzMzODkK,,,0,0,,,False,False,False,confirmed historical mismatch; replay count from implementation default
2.0,experiment_20260821_120308,ef8f1e1b5be851f347c6,p00793,B2,B2,0,p00793,counterexample,1b4a4342f1f98ee4127f7bd0,1,1,6,/home/dungbv/clau/reports/experiment_20260821_120308/counterexample_inputs/1b4a4342f1f98ee4127f7bd0.bin,cca0b7007ffbc1679cae723a16a76f1629a0261671dcded4f0dc53d58768b707,True,,OUTPUT_MISMATCH,2,2,True,False,"{""exit_code"": 0, ""stderr_base64"": """", ""stdout_base64"": ""MSAwLjIxMTQ2CjIgMC4zNTA1NAozIDAuMzE4ODIK"", ""terminating_signal"": null, ""timeout_status"": false}","{""exit_code"": 0, ""stderr_base64"": """", ""stdout_base64"": ""MC4wMDAwMDAK"", ""terminating_signal"": null, ""timeout_status"": false}",MSAwLjIxMTQ2CjIgMC4zNTA1NAozIDAuMzE4ODIK,MC4wMDAwMDAK,,,0,0,,,False,False,False,confirmed historical mismatch; replay count from implementation default
2.0,experiment_20260821_120308,ef8f1e1b5be851f347c6,p00793,B2,B2,0,p00793,counterexample,d508f24823709cde6f096f02,1,1,7,/home/dungbv/clau/reports/experiment_20260821_120308/counterexample_inputs/d508f24823709cde6f096f02.bin,27d1373d68f1af1d1948cb377cb718283d97b495a39f25080591911cdb032daa,True,,OUTPUT_MISMATCH,2,2,True,False,"{""exit_code"": 0, ""stderr_base64"": """", ""stdout_base64"": ""MSAwLjE3ODIzCjIgMC4wMjIyOQozIDAuNTEzODgK"", ""terminating_signal"": null, ""timeout_status"": false}","{""exit_code"": 0, ""stderr_base64"": """", ""stdout_base64"": ""MC4wMDAwMDAK"", ""terminating_signal"": null, ""timeout_status"": false}",MSAwLjE3ODIzCjIgMC4wMjIyOQozIDAuNTEzODgK,MC4wMDAwMDAK,,,0,0,,,False,False,False,confirmed historical mismatch; replay count from implementation default
2.0,experiment_20260821_120308,24e164d8bb9f549739b5,p01315,B2,B2,0,s212409236,counterexample,e878d288266c6b8b05c21936,1,1,1,/home/dungbv/clau/reports/experiment_20260821_120308/counterexample_inputs/e878d288266c6b8b05c21936.bin,1cce81204c8c2eb04d3ee59fd0de322d7fd41f4f1598b2fff96599ed3f5b6885,True,,OUTPUT_MISMATCH,2,2,True,False,"{""exit_code"": 0, ""stderr_base64"": """", ""stdout_base64"": ""ZWdncGxhbnQKYXBwbGUKY2Fycm90CmJhbmFuYQpkdXJpYW4KIwplbm9raQpvbmlvbgpwb3RhdG8KdG9tYXRvCiMKYgpjCmEKIwo="", ""terminating_signal"": null, ""timeout_status"": false}","{""exit_code"": 0, ""stderr_base64"": """", ""stdout_base64"": ""ZWdncGxhbnQKYXBwbGUKY2Fycm90CmJhbmFuYQpkdXJpYW4K"", ""terminating_signal"": null, ""timeout_status"": false}",ZWdncGxhbnQKYXBwbGUKY2Fycm90CmJhbmFuYQpkdXJpYW4KIwplbm9raQpvbmlvbgpwb3RhdG8KdG9tYXRvCiMKYgpjCmEKIwo=,ZWdncGxhbnQKYXBwbGUKY2Fycm90CmJhbmFuYQpkdXJpYW4K,,,0,0,,,False,False,False,confirmed historical mismatch; replay count from implementation default
2.0,experiment_20260821_120308,24e164d8bb9f549739b5,p01315,B2,B2,0,s212409236,counterexample,1bae926e9475e70bab4697d4,1,1,2,/home/dungbv/clau/reports/experiment_20260821_120308/counterexample_inputs/1bae926e9475e70bab4697d4.bin,024f12504af32435fe261dc40fbb5ac6537bc5ae16709b5688245f6ba42d30e3,True,,OUTPUT_MISMATCH,2,2,True,False,"{""exit_code"": 0, ""stderr_base64"": """", ""stdout_base64"": ""aXRlbTBfMl83ODE1Cml0ZW0wXzNfNDEwMQppdGVtMF8xXzkzMDgKaXRlbTBfMF8yOTMKIwo="", ""terminating_signal"": null, ""timeout_status"": false}","{""exit_code"": 0, ""stderr_base64"": """", ""stdout_base64"": ""aXRlbTBfMl83ODE1Cml0ZW0wXzNfNDEwMQppdGVtMF8xXzkzMDgKaXRlbTBfMF8yOTMK"", ""terminating_signal"": null, ""timeout_status"": false}",aXRlbTBfMl83ODE1Cml0ZW0wXzNfNDEwMQppdGVtMF8xXzkzMDgKaXRlbTBfMF8yOTMKIwo=,aXRlbTBfMl83ODE1Cml0ZW0wXzNfNDEwMQppdGVtMF8xXzkzMDgKaXRlbTBfMF8yOTMK,,,0,0,,,False,False,False,confirmed historical mismatch; replay count from implementation default
2.0,experiment_20260821_120308,24e164d8bb9f549739b5,p01315,B2,B2,0,s212409236,counterexample,72ba17edf142fb26ff9fc7cd,1,1,3,/home/dungbv/clau/reports/experiment_20260821_120308/counterexample_inputs/72ba17edf142fb26ff9fc7cd.bin,1d9696a4b0b6cec6d834caee0bfd0b1b7362952466ede1e18b2f4be8437f5b94,True,,OUTPUT_MISMATCH,2,2,True,False,"{""exit_code"": 0, ""stderr_base64"": """", ""stdout_base64"": ""aXRlbTBfM183NDY5Cml0ZW0wXzBfNDMwOAppdGVtMF8yXzkxOTkKaXRlbTBfMV8xNzkxCiMK"", ""terminating_signal"": null, ""timeout_status"": false}","{""exit_code"": 0, ""stderr_base64"": """", ""stdout_base64"": ""aXRlbTBfM183NDY5Cml0ZW0wXzBfNDMwOAppdGVtMF8yXzkxOTkKaXRlbTBfMV8xNzkxCg=="", ""terminating_signal"": null, ""timeout_status"": false}",aXRlbTBfM183NDY5Cml0ZW0wXzBfNDMwOAppdGVtMF8yXzkxOTkKaXRlbTBfMV8xNzkxCiMK,aXRlbTBfM183NDY5Cml0ZW0wXzBfNDMwOAppdGVtMF8yXzkxOTkKaXRlbTBfMV8xNzkxCg==,,,0,0,,,False,False,False,confirmed historical mismatch; replay count from implementation default
2.0,experiment_20260821_120308,24e164d8bb9f549739b5,p01315,B2,B2,0,s212409236,counterexample,646abd98df2f25ae1805a299,1,1,4,/home/dungbv/clau/reports/experiment_20260821_120308/counterexample_inputs/646abd98df2f25ae1805a299.bin,fc0eb9ab990d8ffc8066c7f7382fa3bba23a74efcf06553902d9f3e3a300c37b,True,,OUTPUT_MISMATCH,2,2,True,False,"{""exit_code"": 0, ""stderr_base64"": """", ""stdout_base64"": ""aXRlbTBfMF8xOTk4CiMK"", ""terminating_signal"": null, ""timeout_status"": false}","{""exit_code"": 0, ""stderr_base64"": """", ""stdout_base64"": ""aXRlbTBfMF8xOTk4Cg=="", ""terminating_signal"": null, ""timeout_status"": false}",aXRlbTBfMF8xOTk4CiMK,aXRlbTBfMF8xOTk4Cg==,,,0,0,,,False,False,False,confirmed historical mismatch; replay count from implementation default
2.0,experiment_20260821_120308,24e164d8bb9f549739b5,p01315,B2,B2,0,s212409236,counterexample,ba70485612c7dd23cd536324,1,1,5,/home/dungbv/clau/reports/experiment_20260821_120308/counterexample_inputs/ba70485612c7dd23cd536324.bin,eb98454bcda378a6f39222cdbe0290aeb7b1edb3dd8c7dbeebbd94ac8db2ee9a,True,,OUTPUT_MISMATCH,2,2,True,False,"{""exit_code"": 0, ""stderr_base64"": """", ""stdout_base64"": ""aXRlbTBfMF8xNDUyCml0ZW0wXzFfMzQ1Cml0ZW0wXzJfNzQ3CiMK"", ""terminating_signal"": null, ""timeout_status"": false}","{""exit_code"": 0, ""stderr_base64"": """", ""stdout_base64"": ""aXRlbTBfMF8xNDUyCml0ZW0wXzFfMzQ1Cml0ZW0wXzJfNzQ3Cg=="", ""terminating_signal"": null, ""timeout_status"": false}",aXRlbTBfMF8xNDUyCml0ZW0wXzFfMzQ1Cml0ZW0wXzJfNzQ3CiMK,aXRlbTBfMF8xNDUyCml0ZW0wXzFfMzQ1Cml0ZW0wXzJfNzQ3Cg==,,,0,0,,,False,False,False,confirmed historical mismatch; replay count from implementation default
2.0,experiment_20260821_120308,24e164d8bb9f549739b5,p01315,B2,B2,0,s212409236,counterexample,efaa2e985e62cf8520ed6741,1,1,6,/home/dungbv/clau/reports/experiment_20260821_120308/counterexample_inputs/efaa2e985e62cf8520ed6741.bin,e9d52a9148ffd067c04ef5d05b083b56137a64976336f6f6171d2d09f2cba888,True,,OUTPUT_MISMATCH,2,2,True,False,"{""exit_code"": 0, ""stderr_base64"": """", ""stdout_base64"": ""aXRlbTBfMl82NzIxCml0ZW0wXzBfMTc4Cml0ZW0wXzFfNjc2MQojCml0ZW0xXzBfMTM3NQojCml0ZW0yXzFfMjUwMQppdGVtMl8wXzgyOTcKIwo="", ""terminating_signal"": null, ""timeout_status"": false}","{""exit_code"": 0, ""stderr_base64"": """", ""stdout_base64"": ""aXRlbTBfMl82NzIxCml0ZW0wXzBfMTc4Cml0ZW0wXzFfNjc2MQo="", ""terminating_signal"": null, ""timeout_status"": false}",aXRlbTBfMl82NzIxCml0ZW0wXzBfMTc4Cml0ZW0wXzFfNjc2MQojCml0ZW0xXzBfMTM3NQojCml0ZW0yXzFfMjUwMQppdGVtMl8wXzgyOTcKIwo=,aXRlbTBfMl82NzIxCml0ZW0wXzBfMTc4Cml0ZW0wXzFfNjc2MQo=,,,0,0,,,False,False,False,confirmed historical mismatch; replay count from implementation default
2.0,experiment_20260821_120308,24e164d8bb9f549739b5,p01315,B2,B2,0,s212409236,counterexample,43e35c38dc5d025a9d89052b,1,1,7,/home/dungbv/clau/reports/experiment_20260821_120308/counterexample_inputs/43e35c38dc5d025a9d89052b.bin,83413aff6e3db9373707e45c48b14ad9f9e0a025dbecb8710c87883185bd027a,True,,OUTPUT_MISMATCH,2,2,True,False,"{""exit_code"": 0, ""stderr_base64"": """", ""stdout_base64"": ""aXRlbTBfMV8xMzczCml0ZW0wXzBfMzM5NwppdGVtMF8yXzM0MjYKIwppdGVtMV8wXzUwMAppdGVtMV8zXzYyNTgKaXRlbTFfMV8zODIxCml0ZW0xXzJfMTk2MAppdGVtMV80Xzg4ODMKIwo="", ""terminating_signal"": null, ""timeout_status"": false}","{""exit_code"": 0, ""stderr_base64"": """", ""stdout_base64"": ""aXRlbTBfMV8xMzczCml0ZW0wXzBfMzM5NwppdGVtMF8yXzM0MjYK"", ""terminating_signal"": null, ""timeout_status"": false}",aXRlbTBfMV8xMzczCml0ZW0wXzBfMzM5NwppdGVtMF8yXzM0MjYKIwppdGVtMV8wXzUwMAppdGVtMV8zXzYyNTgKaXRlbTFfMV8zODIxCml0ZW0xXzJfMTk2MAppdGVtMV80Xzg4ODMKIwo=,aXRlbTBfMV8xMzczCml0ZW0wXzBfMzM5NwppdGVtMF8yXzM0MjYK,,,0,0,,,False,False,False,confirmed historical mismatch; replay count from implementation default
2.0,experiment_20260821_120308,6e1aaeb3c51fd5d501fa,p01687,F3,F3,0,s146593197,counterexample,bc7a8e8474339d21da3fb5a7,1,1,1,/home/dungbv/clau/reports/experiment_20260821_120308/counterexample_inputs/bc7a8e8474339d21da3fb5a7.bin,a32cef7dea5c4f86758f2834627f33d4ae8e28d8f7347ea3335d77ed78580b6b,True,,OUTPUT_MISMATCH,2,2,True,False,"{""exit_code"": 0, ""stderr_base64"": """", ""stdout_base64"": ""SE1ER05ZUFEK"", ""terminating_signal"": null, ""timeout_status"": false}","{""exit_code"": 0, ""stderr_base64"": """", ""stdout_base64"": ""SE1aR05ZUFEK"", ""terminating_signal"": null, ""timeout_status"": false}",SE1ER05ZUFEK,SE1aR05ZUFEK,,,0,0,,,False,False,False,confirmed historical mismatch; replay count from implementation default
2.0,experiment_20260821_120308,6e1aaeb3c51fd5d501fa,p01687,F3,F3,0,s146593197,counterexample,18c5614636f8ebea7d78b833,1,1,2,/home/dungbv/clau/reports/experiment_20260821_120308/counterexample_inputs/18c5614636f8ebea7d78b833.bin,fb821137561f181e72e6b5c80df02e6b5f491a35da2893aab03ac7d19f7bf4c6,True,,OUTPUT_MISMATCH,2,2,True,False,"{""exit_code"": 0, ""stderr_base64"": """", ""stdout_base64"": ""SE9EVVhZUE4K"", ""terminating_signal"": null, ""timeout_status"": false}","{""exit_code"": 0, ""stderr_base64"": """", ""stdout_base64"": ""SE9aVVhZUE4K"", ""terminating_signal"": null, ""timeout_status"": false}",SE9EVVhZUE4K,SE9aVVhZUE4K,,,0,0,,,False,False,False,confirmed historical mismatch; replay count from implementation default
2.0,experiment_20260821_120308,6e1aaeb3c51fd5d501fa,p01687,F3,F3,0,s146593197,counterexample,c17efa68f712904b431ef366,1,1,3,/home/dungbv/clau/reports/experiment_20260821_120308/counterexample_inputs/c17efa68f712904b431ef366.bin,9389c42be14c8d7b9b3ffc44a0144465f9eba7b53ef8af73a7c24aa87d0676ec,True,,OUTPUT_MISMATCH,2,2,True,False,"{""exit_code"": 0, ""stderr_base64"": """", ""stdout_base64"": ""SE9EVU5ZUE4K"", ""terminating_signal"": null, ""timeout_status"": false}","{""exit_code"": 0, ""stderr_base64"": """", ""stdout_base64"": ""SE9aVU5ZUE4K"", ""terminating_signal"": null, ""timeout_status"": false}",SE9EVU5ZUE4K,SE9aVU5ZUE4K,,,0,0,,,False,False,False,confirmed historical mismatch; replay count from implementation default
2.0,experiment_20260821_120308,6e1aaeb3c51fd5d501fa,p01687,F3,F3,0,s146593197,counterexample,c744081a5ae5ad014046319b,1,1,4,/home/dungbv/clau/reports/experiment_20260821_120308/counterexample_inputs/c744081a5ae5ad014046319b.bin,ff6ebb27ebc0c2ef9cbdd270c6c77f99ea6513281d01e16bc5a3e514bf4bdd32,True,,OUTPUT_MISMATCH,2,2,True,False,"{""exit_code"": 0, ""stderr_base64"": """", ""stdout_base64"": ""SE9EaVhZUE4K"", ""terminating_signal"": null, ""timeout_status"": false}","{""exit_code"": 0, ""stderr_base64"": """", ""stdout_base64"": ""SE9aaVhZUE4K"", ""terminating_signal"": null, ""timeout_status"": false}",SE9EaVhZUE4K,SE9aaVhZUE4K,,,0,0,,,False,False,False,confirmed historical mismatch; replay count from implementation default
2.0,experiment_20260821_120308,6e1aaeb3c51fd5d501fa,p01687,F3,F3,0,s146593197,counterexample,85f1fb7f4119e7746828cce4,1,1,5,/home/dungbv/clau/reports/experiment_20260821_120308/counterexample_inputs/85f1fb7f4119e7746828cce4.bin,9c8bc53c154f3e501450ad1ee9865b159166cad898bc33981e5d3ebfbb997f31,True,,OUTPUT_MISMATCH,2,2,True,False,"{""exit_code"": 0, ""stderr_base64"": """", ""stdout_base64"": ""SE1EVk5ZRVEK"", ""terminating_signal"": null, ""timeout_status"": false}","{""exit_code"": 0, ""stderr_base64"": """", ""stdout_base64"": ""SE1aVk5ZRVEK"", ""terminating_signal"": null, ""timeout_status"": false}",SE1EVk5ZRVEK,SE1aVk5ZRVEK,,,0,0,,,False,False,False,confirmed historical mismatch; replay count from implementation default
2.0,experiment_20260821_120308,6e1aaeb3c51fd5d501fa,p01687,F3,F3,0,s146593197,counterexample,85181af9deff9d6dffc02440,1,1,6,/home/dungbv/clau/reports/experiment_20260821_120308/counterexample_inputs/85181af9deff9d6dffc02440.bin,842df2bdfbe775328b605db6e1299511064c51d8948c194032488be88bad98e5,True,,OUTPUT_MISMATCH,2,2,True,False,"{""exit_code"": 0, ""stderr_base64"": """", ""stdout_base64"": ""SE1ER05ZUFEK"", ""terminating_signal"": null, ""timeout_status"": false}","{""exit_code"": 0, ""stderr_base64"": """", ""stdout_base64"": ""SE1aR05ZUFEK"", ""terminating_signal"": null, ""timeout_status"": false}",SE1ER05ZUFEK,SE1aR05ZUFEK,,,0,0,,,False,False,False,confirmed historical mismatch; replay count from implementation default
2.0,experiment_20260821_120308,6e1aaeb3c51fd5d501fa,p01687,F3,F3,0,s146593197,counterexample,692ca2216c8d1264d3b6aa90,1,1,7,/home/dungbv/clau/reports/experiment_20260821_120308/counterexample_inputs/692ca2216c8d1264d3b6aa90.bin,4f29d73a68a9b77b0e03ad2819005c6e0dff42e1a1c69c12b051072668e6f803,True,,OUTPUT_MISMATCH,2,2,True,False,"{""exit_code"": 0, ""stderr_base64"": """", ""stdout_base64"": ""Vk1EQU5ZRVEK"", ""terminating_signal"": null, ""timeout_status"": false}","{""exit_code"": 0, ""stderr_base64"": """", ""stdout_base64"": ""Vk1aQU5ZRVEK"", ""terminating_signal"": null, ""timeout_status"": false}",Vk1EQU5ZRVEK,Vk1aQU5ZRVEK,,,0,0,,,False,False,False,confirmed historical mismatch; replay count from implementation default
2.0,experiment_20260821_120308,1dcaf55959b26be69753,p02100,B2,B2,0,s624710482,counterexample,e447ae77e988e4050b960353,1,1,1,/home/dungbv/clau/reports/experiment_20260821_120308/counterexample_inputs/e447ae77e988e4050b960353.bin,a8efa588b3229fbdaa5f9a2639152e796d12caffc64231e7dab7fa4bec7c590f,True,,OUTPUT_MISMATCH,2,2,True,False,"{""exit_code"": 0, ""stderr_base64"": """", ""stdout_base64"": ""KHgrMSkoeCsyKQo="", ""terminating_signal"": null, ""timeout_status"": false}","{""exit_code"": 0, ""stderr_base64"": """", ""stdout_base64"": ""MSAyIAo="", ""terminating_signal"": null, ""timeout_status"": false}",KHgrMSkoeCsyKQo=,MSAyIAo=,,,0,0,,,False,False,False,confirmed historical mismatch; replay count from implementation default
2.0,experiment_20260821_120308,1dcaf55959b26be69753,p02100,B2,B2,0,s624710482,counterexample,c8369753c2b73a920acf66f9,1,1,2,/home/dungbv/clau/reports/experiment_20260821_120308/counterexample_inputs/c8369753c2b73a920acf66f9.bin,214fdbfa66259faacc9913a0b933e8d55b344f3ecb84f9ffb48d659cfc6342b5,True,,MIXED_DIVERGENCE,2,2,True,False,"{""exit_code"": 0, ""stderr_base64"": """", ""stdout_base64"": ""Cg=="", ""terminating_signal"": null, ""timeout_status"": false}","{""exit_code"": -1, ""stderr_base64"": """", ""stdout_base64"": """", ""terminating_signal"": null, ""timeout_status"": true}",Cg==,,,,0,-1,,,False,True,False,confirmed historical mismatch; replay count from implementation default
2.0,experiment_20260821_120308,1dcaf55959b26be69753,p02100,B2,B2,0,s624710482,counterexample,32d7f047733702442e0f3945,1,1,3,/home/dungbv/clau/reports/experiment_20260821_120308/counterexample_inputs/32d7f047733702442e0f3945.bin,282b4d50e5e2b9ffa811879f9c249233d677cd02d0cd1087ce2fd47c37508610,True,,MIXED_DIVERGENCE,2,2,True,False,"{""exit_code"": 0, ""stderr_base64"": """", ""stdout_base64"": ""Cg=="", ""terminating_signal"": null, ""timeout_status"": false}","{""exit_code"": -1, ""stderr_base64"": """", ""stdout_base64"": """", ""terminating_signal"": null, ""timeout_status"": true}",Cg==,,,,0,-1,,,False,True,False,confirmed historical mismatch; replay count from implementation default
2.0,experiment_20260821_120308,1dcaf55959b26be69753,p02100,B2,B2,0,s624710482,counterexample,9f0812e6e2f6e5d67d74bc57,1,1,4,/home/dungbv/clau/reports/experiment_20260821_120308/counterexample_inputs/9f0812e6e2f6e5d67d74bc57.bin,bf959a8bc8e8bfe65022a5a7d98f1984a4f5ea4739ff6fd2b456bbdc4f869a3d,True,,OUTPUT_MISMATCH,2,2,True,False,"{""exit_code"": 0, ""stderr_base64"": """", ""stdout_base64"": ""KHgrMSkoeCsyKQo="", ""terminating_signal"": null, ""timeout_status"": false}","{""exit_code"": 0, ""stderr_base64"": """", ""stdout_base64"": ""MSAyIAo="", ""terminating_signal"": null, ""timeout_status"": false}",KHgrMSkoeCsyKQo=,MSAyIAo=,,,0,0,,,False,False,False,confirmed historical mismatch; replay count from implementation default
2.0,experiment_20260821_120308,1dcaf55959b26be69753,p02100,B2,B2,0,s624710482,counterexample,bd81fe642ce941770d0ec651,1,1,5,/home/dungbv/clau/reports/experiment_20260821_120308/counterexample_inputs/bd81fe642ce941770d0ec651.bin,1de8b890c59bd3b57c0b1d779725afc92be38cc3e52b92f34665d56ea45a6553,True,,MIXED_DIVERGENCE,2,2,True,False,"{""exit_code"": 0, ""stderr_base64"": """", ""stdout_base64"": ""Cg=="", ""terminating_signal"": null, ""timeout_status"": false}","{""exit_code"": -1, ""stderr_base64"": """", ""stdout_base64"": """", ""terminating_signal"": null, ""timeout_status"": true}",Cg==,,,,0,-1,,,False,True,False,confirmed historical mismatch; replay count from implementation default
2.0,experiment_20260821_120308,1dcaf55959b26be69753,p02100,B2,B2,0,s624710482,counterexample,5faf4c260b98c5b0ac87dd58,1,1,6,/home/dungbv/clau/reports/experiment_20260821_120308/counterexample_inputs/5faf4c260b98c5b0ac87dd58.bin,774c907f2fc835c182812fdf4dc136c4562f02974a3d6d49fc8af1cd32af23db,True,,MIXED_DIVERGENCE,2,2,True,False,"{""exit_code"": 0, ""stderr_base64"": """", ""stdout_base64"": ""Cg=="", ""terminating_signal"": null, ""timeout_status"": false}","{""exit_code"": -1, ""stderr_base64"": """", ""stdout_base64"": """", ""terminating_signal"": null, ""timeout_status"": true}",Cg==,,,,0,-1,,,False,True,False,confirmed historical mismatch; replay count from implementation default
2.0,experiment_20260821_120308,1dcaf55959b26be69753,p02100,B2,B2,0,s624710482,counterexample,6e4c9268e830a0d60384c899,1,1,7,/home/dungbv/clau/reports/experiment_20260821_120308/counterexample_inputs/6e4c9268e830a0d60384c899.bin,90d116225d7facc830be1f62c215bdd6f8e97608f2adffce87a250138b33ee64,True,,OUTPUT_MISMATCH,2,2,True,False,"{""exit_code"": 0, ""stderr_base64"": """", ""stdout_base64"": ""KHgrMSkoeCsyKQo="", ""terminating_signal"": null, ""timeout_status"": false}","{""exit_code"": 0, ""stderr_base64"": """", ""stdout_base64"": ""MSAyIAo="", ""terminating_signal"": null, ""timeout_status"": false}",KHgrMSkoeCsyKQo=,MSAyIAo=,,,0,0,,,False,False,False,confirmed historical mismatch; replay count from implementation default
2.0,experiment_20260821_120308,e750e08a052426f6922f,p02289,B2,B2,0,p02289,counterexample,c1ce56e96c0cacd5d040137e,1,1,1,/home/dungbv/clau/reports/experiment_20260821_120308/counterexample_inputs/c1ce56e96c0cacd5d040137e.bin,c0d042191c8f2a68f65ed437d77acb30d743a711cffc8e70caa574b1bc20c99d,True,,OUTPUT_MISMATCH,2,2,True,False,"{""exit_code"": 0, ""stderr_base64"": """", ""stdout_base64"": ""OAoxMAoxMQoyCg=="", ""terminating_signal"": null, ""timeout_status"": false}","{""exit_code"": 0, ""stderr_base64"": """", ""stdout_base64"": """", ""terminating_signal"": null, ""timeout_status"": false}",OAoxMAoxMQoyCg==,,,,0,0,,,False,False,False,confirmed historical mismatch; replay count from implementation default
2.0,experiment_20260821_120308,e750e08a052426f6922f,p02289,B2,B2,0,p02289,counterexample,246a94e5c61639d8da454999,1,1,2,/home/dungbv/clau/reports/experiment_20260821_120308/counterexample_inputs/246a94e5c61639d8da454999.bin,00c87dd6b3a063527146e780cac8b65f9281db85b137cbadd69b3db439595c16,True,,OUTPUT_MISMATCH,2,2,True,False,"{""exit_code"": 0, ""stderr_base64"": """", ""stdout_base64"": ""MgoxMQo="", ""terminating_signal"": null, ""timeout_status"": false}","{""exit_code"": 0, ""stderr_base64"": """", ""stdout_base64"": """", ""terminating_signal"": null, ""timeout_status"": false}",MgoxMQo=,,,,0,0,,,False,False,False,confirmed historical mismatch; replay count from implementation default
2.0,experiment_20260821_120308,e750e08a052426f6922f,p02289,B2,B2,0,p02289,counterexample,fef0fbee632eda26f2d7010b,1,1,3,/home/dungbv/clau/reports/experiment_20260821_120308/counterexample_inputs/fef0fbee632eda26f2d7010b.bin,96b2a9d968dd14e7cb10994c78a8bf40e635dbfb5d1ab0387750f6b1a4be3378,True,,OUTPUT_MISMATCH,2,2,True,False,"{""exit_code"": 0, ""stderr_base64"": """", ""stdout_base64"": ""OAoxMAoxMQoyCg=="", ""terminating_signal"": null, ""timeout_status"": false}","{""exit_code"": 0, ""stderr_base64"": """", ""stdout_base64"": """", ""terminating_signal"": null, ""timeout_status"": false}",OAoxMAoxMQoyCg==,,,,0,0,,,False,False,False,confirmed historical mismatch; replay count from implementation default
2.0,experiment_20260821_120308,e750e08a052426f6922f,p02289,B2,B2,0,p02289,counterexample,8a6b141f8d8da3237abfaf72,1,1,4,/home/dungbv/clau/reports/experiment_20260821_120308/counterexample_inputs/8a6b141f8d8da3237abfaf72.bin,8394a662a1a2fc1ebeb76af0243f0b9db3e5fb8ef98574a6956093e2335b3ffe,True,,OUTPUT_MISMATCH,2,2,True,False,"{""exit_code"": 0, ""stderr_base64"": """", ""stdout_base64"": ""MTAKMTEKMgo="", ""terminating_signal"": null, ""timeout_status"": false}","{""exit_code"": 0, ""stderr_base64"": """", ""stdout_base64"": """", ""terminating_signal"": null, ""timeout_status"": false}",MTAKMTEKMgo=,,,,0,0,,,False,False,False,confirmed historical mismatch; replay count from implementation default
2.0,experiment_20260821_120308,e750e08a052426f6922f,p02289,B2,B2,0,p02289,counterexample,672d4d84444284990801783a,1,1,5,/home/dungbv/clau/reports/experiment_20260821_120308/counterexample_inputs/672d4d84444284990801783a.bin,7970fa8cf3ef2e31180c768d62f27bb617ea354d8a64a2c12a209d637d76ff5a,True,,OUTPUT_MISMATCH,2,2,True,False,"{""exit_code"": 0, ""stderr_base64"": """", ""stdout_base64"": ""OAoxMAoxMQoyCg=="", ""terminating_signal"": null, ""timeout_status"": false}","{""exit_code"": 0, ""stderr_base64"": """", ""stdout_base64"": """", ""terminating_signal"": null, ""timeout_status"": false}",OAoxMAoxMQoyCg==,,,,0,0,,,False,False,False,confirmed historical mismatch; replay count from implementation default
2.0,experiment_20260821_120308,e750e08a052426f6922f,p02289,B2,B2,0,p02289,counterexample,751e31f9283096ce81026e54,1,1,6,/home/dungbv/clau/reports/experiment_20260821_120308/counterexample_inputs/751e31f9283096ce81026e54.bin,3bb8c4d86a8508795587d907db02ccf36a7887d27dc952c40e1a7b786694ca74,True,,OUTPUT_MISMATCH,2,2,True,False,"{""exit_code"": 0, ""stderr_base64"": """", ""stdout_base64"": ""OAoxMQo="", ""terminating_signal"": null, ""timeout_status"": false}","{""exit_code"": 0, ""stderr_base64"": """", ""stdout_base64"": """", ""terminating_signal"": null, ""timeout_status"": false}",OAoxMQo=,,,,0,0,,,False,False,False,confirmed historical mismatch; replay count from implementation default
2.0,experiment_20260821_120308,e750e08a052426f6922f,p02289,B2,B2,0,p02289,counterexample,1ca972a09e3eb8fbf41ddc8b,1,1,7,/home/dungbv/clau/reports/experiment_20260821_120308/counterexample_inputs/1ca972a09e3eb8fbf41ddc8b.bin,5e6e89fb52b35b43716f538baadb11064eb1ae950c445b60fdacd4e82cafa4e7,True,,OUTPUT_MISMATCH,2,2,True,False,"{""exit_code"": 0, ""stderr_base64"": """", ""stdout_base64"": ""MTAKMTEK"", ""terminating_signal"": null, ""timeout_status"": false}","{""exit_code"": 0, ""stderr_base64"": """", ""stdout_base64"": """", ""terminating_signal"": null, ""timeout_status"": false}",MTAKMTEK,,,,0,0,,,False,False,False,confirmed historical mismatch; replay count from implementation default
2.0,experiment_20260821_120308,45405ee19b762c5aeb24,p03142,B2,B2,0,p03142,counterexample,1e627407f355dac280f1deb4,1,1,1,/home/dungbv/clau/reports/experiment_20260821_120308/counterexample_inputs/1e627407f355dac280f1deb4.bin,2dca89e18c7f841026bb378e1d190cf8c351b234b673e4ba81c8b2aebacdf7c7,True,,OUTPUT_MISMATCH,2,2,True,False,"{""exit_code"": 0, ""stderr_base64"": """", ""stdout_base64"": ""MAoxCjIKMwo0CjUKNgo="", ""terminating_signal"": null, ""timeout_status"": false}","{""exit_code"": 0, ""stderr_base64"": """", ""stdout_base64"": """", ""terminating_signal"": null, ""timeout_status"": false}",MAoxCjIKMwo0CjUKNgo=,,,,0,0,,,False,False,False,confirmed historical mismatch; replay count from implementation default
2.0,experiment_20260821_120308,45405ee19b762c5aeb24,p03142,B2,B2,0,p03142,counterexample,0943ef733a13065bf5f142bd,1,1,2,/home/dungbv/clau/reports/experiment_20260821_120308/counterexample_inputs/0943ef733a13065bf5f142bd.bin,96bb1e2abd3f01c244f43e2b8b81868c7f586e8ae703e2832d19719080b892f9,True,,OUTPUT_MISMATCH,2,2,True,False,"{""exit_code"": 0, ""stderr_base64"": """", ""stdout_base64"": ""MAoxCjIKMwo0CjUKNgo3CjgK"", ""terminating_signal"": null, ""timeout_status"": false}","{""exit_code"": 0, ""stderr_base64"": """", ""stdout_base64"": """", ""terminating_signal"": null, ""timeout_status"": false}",MAoxCjIKMwo0CjUKNgo3CjgK,,,,0,0,,,False,False,False,confirmed historical mismatch; replay count from implementation default
2.0,experiment_20260821_120308,45405ee19b762c5aeb24,p03142,B2,B2,0,p03142,counterexample,42babdd7fed81b3799bd4bfc,1,1,3,/home/dungbv/clau/reports/experiment_20260821_120308/counterexample_inputs/42babdd7fed81b3799bd4bfc.bin,c6c17993d8c51e3ebf4e3153e9554fa33d34fabb3df0a1939a09224fea14922b,True,,OUTPUT_MISMATCH,2,2,True,False,"{""exit_code"": 0, ""stderr_base64"": """", ""stdout_base64"": ""MAoxCjIK"", ""terminating_signal"": null, ""timeout_status"": false}","{""exit_code"": 0, ""stderr_base64"": """", ""stdout_base64"": """", ""terminating_signal"": null, ""timeout_status"": false}",MAoxCjIK,,,,0,0,,,False,False,False,confirmed historical mismatch; replay count from implementation default
2.0,experiment_20260821_120308,45405ee19b762c5aeb24,p03142,B2,B2,0,p03142,counterexample,3e1b50d6f8174322bdb2bc3a,1,1,4,/home/dungbv/clau/reports/experiment_20260821_120308/counterexample_inputs/3e1b50d6f8174322bdb2bc3a.bin,597752ce8532b3965fc5f07b88ecd3627bc0ccb1caf4fc378059599605915100,True,,OUTPUT_MISMATCH,2,2,True,False,"{""exit_code"": 0, ""stderr_base64"": """", ""stdout_base64"": ""MAoxCjIKMwo0CjUKNgo3CjgKOQoxMAo="", ""terminating_signal"": null, ""timeout_status"": false}","{""exit_code"": 0, ""stderr_base64"": """", ""stdout_base64"": """", ""terminating_signal"": null, ""timeout_status"": false}",MAoxCjIKMwo0CjUKNgo3CjgKOQoxMAo=,,,,0,0,,,False,False,False,confirmed historical mismatch; replay count from implementation default
2.0,experiment_20260821_120308,45405ee19b762c5aeb24,p03142,B2,B2,0,p03142,counterexample,8bcb766c5765fa3d2f73f082,1,1,5,/home/dungbv/clau/reports/experiment_20260821_120308/counterexample_inputs/8bcb766c5765fa3d2f73f082.bin,9cc658a719cf31e0a1777c54a6c05846720fd9cb0a3cf5d7b54780cc969f64a7,True,,OUTPUT_MISMATCH,2,2,True,False,"{""exit_code"": 0, ""stderr_base64"": """", ""stdout_base64"": ""MAoxCjIKMwo="", ""terminating_signal"": null, ""timeout_status"": false}","{""exit_code"": 0, ""stderr_base64"": """", ""stdout_base64"": """", ""terminating_signal"": null, ""timeout_status"": false}",MAoxCjIKMwo=,,,,0,0,,,False,False,False,confirmed historical mismatch; replay count from implementation default
2.0,experiment_20260821_120308,45405ee19b762c5aeb24,p03142,B2,B2,0,p03142,counterexample,a1b55bf33729d9cd71d3cb52,1,1,6,/home/dungbv/clau/reports/experiment_20260821_120308/counterexample_inputs/a1b55bf33729d9cd71d3cb52.bin,8772a44db8ae6b0f86c6e25338337014e4863f84eaa468062181c954e439a939,True,,OUTPUT_MISMATCH,2,2,True,False,"{""exit_code"": 0, ""stderr_base64"": """", ""stdout_base64"": ""MAoxCjIKMwo0CjUKNgo3CjgKOQoxMAo="", ""terminating_signal"": null, ""timeout_status"": false}","{""exit_code"": 0, ""stderr_base64"": """", ""stdout_base64"": """", ""terminating_signal"": null, ""timeout_status"": false}",MAoxCjIKMwo0CjUKNgo3CjgKOQoxMAo=,,,,0,0,,,False,False,False,confirmed historical mismatch; replay count from implementation default
2.0,experiment_20260821_120308,45405ee19b762c5aeb24,p03142,B2,B2,0,p03142,counterexample,6e30d1147f0efb63d73ecf36,1,1,7,/home/dungbv/clau/reports/experiment_20260821_120308/counterexample_inputs/6e30d1147f0efb63d73ecf36.bin,64fc927fccd256274637fd64233726248273029289ec1a7a51e787efb17dc11e,True,,OUTPUT_MISMATCH,2,2,True,False,"{""exit_code"": 0, ""stderr_base64"": """", ""stdout_base64"": ""MAoxCjIKMwo0CjUKNgo="", ""terminating_signal"": null, ""timeout_status"": false}","{""exit_code"": 0, ""stderr_base64"": """", ""stdout_base64"": """", ""terminating_signal"": null, ""timeout_status"": false}",MAoxCjIKMwo0CjUKNgo=,,,,0,0,,,False,False,False,confirmed historical mismatch; replay count from implementation default
2.0,experiment_20260821_120308,82c2e2c0da2713e54e76,p03261,B2,B2,0,p03261,counterexample,ee89aa53a7d38a85ca7d375a,1,1,1,/home/dungbv/clau/reports/experiment_20260821_120308/counterexample_inputs/ee89aa53a7d38a85ca7d375a.bin,72b041ffe8db77e56c3a1dff919805c308d7e4984cecc15bc82f175e6e74c560,True,,OUTPUT_MISMATCH,2,2,True,False,"{""exit_code"": 0, ""stderr_base64"": """", ""stdout_base64"": ""Tm8K"", ""terminating_signal"": null, ""timeout_status"": false}","{""exit_code"": 0, ""stderr_base64"": """", ""stdout_base64"": ""TG9zZQo="", ""terminating_signal"": null, ""timeout_status"": false}",Tm8K,TG9zZQo=,,,0,0,,,False,False,False,confirmed historical mismatch; replay count from implementation default
2.0,experiment_20260821_120308,82c2e2c0da2713e54e76,p03261,B2,B2,0,p03261,counterexample,079c7bb9f20b480cad1cc434,1,1,2,/home/dungbv/clau/reports/experiment_20260821_120308/counterexample_inputs/079c7bb9f20b480cad1cc434.bin,c0ded6758e84f854cf2e2caac5cf8f04c32e400a9ed3bbf4677282867f604100,True,,OUTPUT_MISMATCH,2,2,True,False,"{""exit_code"": 0, ""stderr_base64"": """", ""stdout_base64"": ""Tm8K"", ""terminating_signal"": null, ""timeout_status"": false}","{""exit_code"": 0, ""stderr_base64"": """", ""stdout_base64"": ""TG9zZQo="", ""terminating_signal"": null, ""timeout_status"": false}",Tm8K,TG9zZQo=,,,0,0,,,False,False,False,confirmed historical mismatch; replay count from implementation default
2.0,experiment_20260821_120308,82c2e2c0da2713e54e76,p03261,B2,B2,0,p03261,counterexample,cab98089b1cbc63e0b9a6bc0,1,1,3,/home/dungbv/clau/reports/experiment_20260821_120308/counterexample_inputs/cab98089b1cbc63e0b9a6bc0.bin,7450b0d3aa0cb7bee23157cd3974520c0360deb0fdfeccbfed53af7b1f70099b,True,,OUTPUT_MISMATCH,2,2,True,False,"{""exit_code"": 0, ""stderr_base64"": """", ""stdout_base64"": ""Tm8K"", ""terminating_signal"": null, ""timeout_status"": false}","{""exit_code"": 0, ""stderr_base64"": """", ""stdout_base64"": ""TG9zZQo="", ""terminating_signal"": null, ""timeout_status"": false}",Tm8K,TG9zZQo=,,,0,0,,,False,False,False,confirmed historical mismatch; replay count from implementation default
2.0,experiment_20260821_120308,82c2e2c0da2713e54e76,p03261,B2,B2,0,p03261,counterexample,3ebfecad5090254f148746b0,1,1,4,/home/dungbv/clau/reports/experiment_20260821_120308/counterexample_inputs/3ebfecad5090254f148746b0.bin,131b10b103e055b82ef76803b4051134c1cb3837c75f1bbe1dfdcf978bc5b942,True,,OUTPUT_MISMATCH,2,2,True,False,"{""exit_code"": 0, ""stderr_base64"": """", ""stdout_base64"": ""Tm8K"", ""terminating_signal"": null, ""timeout_status"": false}","{""exit_code"": 0, ""stderr_base64"": """", ""stdout_base64"": ""TG9zZQo="", ""terminating_signal"": null, ""timeout_status"": false}",Tm8K,TG9zZQo=,,,0,0,,,False,False,False,confirmed historical mismatch; replay count from implementation default
2.0,experiment_20260821_120308,82c2e2c0da2713e54e76,p03261,B2,B2,0,p03261,counterexample,32c00962c36ca3bd25cc7f1d,1,1,5,/home/dungbv/clau/reports/experiment_20260821_120308/counterexample_inputs/32c00962c36ca3bd25cc7f1d.bin,2e18d3ee1b7ba27ecaef77de1d89ed6b1f3ab22e9da7eb3f5a0e693ad7fde4b7,True,,OUTPUT_MISMATCH,2,2,True,False,"{""exit_code"": 0, ""stderr_base64"": """", ""stdout_base64"": ""Tm8K"", ""terminating_signal"": null, ""timeout_status"": false}","{""exit_code"": 0, ""stderr_base64"": """", ""stdout_base64"": ""TG9zZQo="", ""terminating_signal"": null, ""timeout_status"": false}",Tm8K,TG9zZQo=,,,0,0,,,False,False,False,confirmed historical mismatch; replay count from implementation default
2.0,experiment_20260821_120308,82c2e2c0da2713e54e76,p03261,B2,B2,0,p03261,counterexample,d9869ca5d94866ce0b15a3d6,1,1,6,/home/dungbv/clau/reports/experiment_20260821_120308/counterexample_inputs/d9869ca5d94866ce0b15a3d6.bin,ffc9e5666e8b3b5fd007d1e29daa320ac4cbff5329a213addca5c6972e072db8,True,,OUTPUT_MISMATCH,2,2,True,False,"{""exit_code"": 0, ""stderr_base64"": """", ""stdout_base64"": ""Tm8K"", ""terminating_signal"": null, ""timeout_status"": false}","{""exit_code"": 0, ""stderr_base64"": """", ""stdout_base64"": ""TG9zZQo="", ""terminating_signal"": null, ""timeout_status"": false}",Tm8K,TG9zZQo=,,,0,0,,,False,False,False,confirmed historical mismatch; replay count from implementation default
2.0,experiment_20260821_120308,82c2e2c0da2713e54e76,p03261,B2,B2,0,p03261,counterexample,fb882ac6f5d1fd8d53269e02,1,1,7,/home/dungbv/clau/reports/experiment_20260821_120308/counterexample_inputs/fb882ac6f5d1fd8d53269e02.bin,fc4db674415e5a161e465013cf0e48a7bc867d87fc593c98bd96b9578b7a719f,True,,OUTPUT_MISMATCH,2,2,True,False,"{""exit_code"": 0, ""stderr_base64"": """", ""stdout_base64"": ""Tm8K"", ""terminating_signal"": null, ""timeout_status"": false}","{""exit_code"": 0, ""stderr_base64"": """", ""stdout_base64"": ""TG9zZQo="", ""terminating_signal"": null, ""timeout_status"": false}",Tm8K,TG9zZQo=,,,0,0,,,False,False,False,confirmed historical mismatch; replay count from implementation default
2.0,experiment_20260821_120308,a52ebaba3df274901d90,p03510,B2,B2,0,s583362876,counterexample,797fd30609ddaa12c4f8b5e3,1,1,1,/home/dungbv/clau/reports/experiment_20260821_120308/counterexample_inputs/797fd30609ddaa12c4f8b5e3.bin,921e7692cd786450130c9764f6cd57eb25150acd343c5f37c7af080971b62f87,True,,OUTPUT_MISMATCH,2,2,True,False,"{""exit_code"": 0, ""stderr_base64"": """", ""stdout_base64"": ""NAo="", ""terminating_signal"": null, ""timeout_status"": false}","{""exit_code"": 0, ""stderr_base64"": """", ""stdout_base64"": ""LTEK"", ""terminating_signal"": null, ""timeout_status"": false}",NAo=,LTEK,,,0,0,,,False,False,False,confirmed historical mismatch; replay count from implementation default
2.0,experiment_20260821_120308,a52ebaba3df274901d90,p03510,B2,B2,0,s583362876,counterexample,a5d433bfc05e0daf411b2215,1,1,2,/home/dungbv/clau/reports/experiment_20260821_120308/counterexample_inputs/a5d433bfc05e0daf411b2215.bin,6e3efc811d40b03baab295f398ccc5f3a0b8c8c98c77fcd857540eea09e69f33,True,,OUTPUT_MISMATCH,2,2,True,False,"{""exit_code"": 0, ""stderr_base64"": """", ""stdout_base64"": ""Mgo="", ""terminating_signal"": null, ""timeout_status"": false}","{""exit_code"": 0, ""stderr_base64"": """", ""stdout_base64"": ""LTEK"", ""terminating_signal"": null, ""timeout_status"": false}",Mgo=,LTEK,,,0,0,,,False,False,False,confirmed historical mismatch; replay count from implementation default
2.0,experiment_20260821_120308,a52ebaba3df274901d90,p03510,B2,B2,0,s583362876,counterexample,bb63cdd359aee4bc41de0132,1,1,3,/home/dungbv/clau/reports/experiment_20260821_120308/counterexample_inputs/bb63cdd359aee4bc41de0132.bin,0bf3009dac7e7a7109a4b41c9caccd23fe7a0e1d2a1402ad60a0279623c3516f,True,,OUTPUT_MISMATCH,2,2,True,False,"{""exit_code"": 0, ""stderr_base64"": """", ""stdout_base64"": ""OTAK"", ""terminating_signal"": null, ""timeout_status"": false}","{""exit_code"": 0, ""stderr_base64"": """", ""stdout_base64"": ""LTEwCg=="", ""terminating_signal"": null, ""timeout_status"": false}",OTAK,LTEwCg==,,,0,0,,,False,False,False,confirmed historical mismatch; replay count from implementation default
2.0,experiment_20260821_120308,a52ebaba3df274901d90,p03510,B2,B2,0,s583362876,counterexample,de168cff124d351e0a65c930,1,1,4,/home/dungbv/clau/reports/experiment_20260821_120308/counterexample_inputs/de168cff124d351e0a65c930.bin,62b8cf20190296458003bed74d9e10bedf437c727540aca5c5f97e883be1393b,True,,OUTPUT_MISMATCH,2,2,True,False,"{""exit_code"": 0, ""stderr_base64"": """", ""stdout_base64"": ""MTQK"", ""terminating_signal"": null, ""timeout_status"": false}","{""exit_code"": 0, ""stderr_base64"": """", ""stdout_base64"": ""LTEK"", ""terminating_signal"": null, ""timeout_status"": false}",MTQK,LTEK,,,0,0,,,False,False,False,confirmed historical mismatch; replay count from implementation default
2.0,experiment_20260821_120308,a52ebaba3df274901d90,p03510,B2,B2,0,s583362876,counterexample,7785d4387fd35104aa6ee5cc,1,1,5,/home/dungbv/clau/reports/experiment_20260821_120308/counterexample_inputs/7785d4387fd35104aa6ee5cc.bin,d03042c2303127dc599c1ecb4c812bc6073fadddfa40b6e13fb22baa53bd2aa9,True,,OUTPUT_MISMATCH,2,2,True,False,"{""exit_code"": 0, ""stderr_base64"": """", ""stdout_base64"": ""MzQK"", ""terminating_signal"": null, ""timeout_status"": false}","{""exit_code"": 0, ""stderr_base64"": """", ""stdout_base64"": ""LTEK"", ""terminating_signal"": null, ""timeout_status"": false}",MzQK,LTEK,,,0,0,,,False,False,False,confirmed historical mismatch; replay count from implementation default
2.0,experiment_20260821_120308,a52ebaba3df274901d90,p03510,B2,B2,0,s583362876,counterexample,f294cb2d69351d243853984f,1,1,6,/home/dungbv/clau/reports/experiment_20260821_120308/counterexample_inputs/f294cb2d69351d243853984f.bin,8199457bcbcf972b2ce5c2ce081d71b710098df9911e412e7db8f5b43c2eb285,True,,OUTPUT_MISMATCH,2,2,True,False,"{""exit_code"": 0, ""stderr_base64"": """", ""stdout_base64"": ""MzE0Cg=="", ""terminating_signal"": null, ""timeout_status"": false}","{""exit_code"": 0, ""stderr_base64"": """", ""stdout_base64"": ""LTEK"", ""terminating_signal"": null, ""timeout_status"": false}",MzE0Cg==,LTEK,,,0,0,,,False,False,False,confirmed historical mismatch; replay count from implementation default
2.0,experiment_20260821_120308,a52ebaba3df274901d90,p03510,B2,B2,0,s583362876,counterexample,2852666d9bb06bba595fd929,1,1,7,/home/dungbv/clau/reports/experiment_20260821_120308/counterexample_inputs/2852666d9bb06bba595fd929.bin,8096a73e8adafe57b7a0c868683662c278b9ae341b74cb435cbb05f5519eaa7c,True,,OUTPUT_MISMATCH,2,2,True,False,"{""exit_code"": 0, ""stderr_base64"": """", ""stdout_base64"": ""NzQK"", ""terminating_signal"": null, ""timeout_status"": false}","{""exit_code"": 0, ""stderr_base64"": """", ""stdout_base64"": ""LTEK"", ""terminating_signal"": null, ""timeout_status"": false}",NzQK,LTEK,,,0,0,,,False,False,False,confirmed historical mismatch; replay count from implementation default
2.0,experiment_20260821_120308,187041be6ff56d8f2e20,p03835,F3,F3,0,p03835,counterexample,a1e4636223af0d1b40965349,1,1,1,/home/dungbv/clau/reports/experiment_20260821_120308/counterexample_inputs/a1e4636223af0d1b40965349.bin,683f09acd3930603be0c9af0fd7afb0301adeed768b176da3e0aead17beaa7d5,True,,OUTPUT_MISMATCH,2,2,True,False,"{""exit_code"": 0, ""stderr_base64"": """", ""stdout_base64"": ""NDI3NzgK"", ""terminating_signal"": null, ""timeout_status"": false}","{""exit_code"": 0, ""stderr_base64"": """", ""stdout_base64"": ""NTg2MzgK"", ""terminating_signal"": null, ""timeout_status"": false}",NDI3NzgK,NTg2MzgK,,,0,0,,,False,False,False,confirmed historical mismatch; replay count from implementation default
2.0,experiment_20260821_120308,187041be6ff56d8f2e20,p03835,F3,F3,0,p03835,counterexample,f72e8127ae4e0f974ba9cd22,1,1,2,/home/dungbv/clau/reports/experiment_20260821_120308/counterexample_inputs/f72e8127ae4e0f974ba9cd22.bin,2b02b6d98da6518edf9d4d7942a5182d04d7b3e073ea0df9e1c3edd1273df8a7,True,,OUTPUT_MISMATCH,2,2,True,False,"{""exit_code"": 0, ""stderr_base64"": """", ""stdout_base64"": ""MTM3OAo="", ""terminating_signal"": null, ""timeout_status"": false}","{""exit_code"": 0, ""stderr_base64"": """", ""stdout_base64"": ""MTE0OTU1Cg=="", ""terminating_signal"": null, ""timeout_status"": false}",MTM3OAo=,MTE0OTU1Cg==,,,0,0,,,False,False,False,confirmed historical mismatch; replay count from implementation default
2.0,experiment_20260821_120308,187041be6ff56d8f2e20,p03835,F3,F3,0,p03835,counterexample,1de0cd5fd9c40e9327829e89,1,1,3,/home/dungbv/clau/reports/experiment_20260821_120308/counterexample_inputs/1de0cd5fd9c40e9327829e89.bin,b86de63d23d652eba5ed933343ad5880d21c11a356344e4adfa2c0298a52a0dc,True,,OUTPUT_MISMATCH,2,2,True,False,"{""exit_code"": 0, ""stderr_base64"": """", ""stdout_base64"": ""NTIyNzUzCg=="", ""terminating_signal"": null, ""timeout_status"": false}","{""exit_code"": 0, ""stderr_base64"": """", ""stdout_base64"": ""NjEyNDk0Cg=="", ""terminating_signal"": null, ""timeout_status"": false}",NTIyNzUzCg==,NjEyNDk0Cg==,,,0,0,,,False,False,False,confirmed historical mismatch; replay count from implementation default
2.0,experiment_20260821_120308,187041be6ff56d8f2e20,p03835,F3,F3,0,p03835,counterexample,e7667374e4dea8aa07f24032,1,1,4,/home/dungbv/clau/reports/experiment_20260821_120308/counterexample_inputs/e7667374e4dea8aa07f24032.bin,b98c2c31551370ecbb7de059e67a75c00d8212156adceefd8e8cad69b3f41342,True,,OUTPUT_MISMATCH,2,2,True,False,"{""exit_code"": 0, ""stderr_base64"": """", ""stdout_base64"": ""NzQ2Njk3Cg=="", ""terminating_signal"": null, ""timeout_status"": false}","{""exit_code"": 0, ""stderr_base64"": """", ""stdout_base64"": ""MTMzOTAzCg=="", ""terminating_signal"": null, ""timeout_status"": false}",NzQ2Njk3Cg==,MTMzOTAzCg==,,,0,0,,,False,False,False,confirmed historical mismatch; replay count from implementation default
2.0,experiment_20260821_120308,187041be6ff56d8f2e20,p03835,F3,F3,0,p03835,counterexample,f08dcbcb8d8b22b0b310ff62,1,1,5,/home/dungbv/clau/reports/experiment_20260821_120308/counterexample_inputs/f08dcbcb8d8b22b0b310ff62.bin,fdc9a60355de5839a23f90219b8d10c5c530fbd29011efa653221a83c3802f89,True,,OUTPUT_MISMATCH,2,2,True,False,"{""exit_code"": 0, ""stderr_base64"": """", ""stdout_base64"": ""MzYK"", ""terminating_signal"": null, ""timeout_status"": false}","{""exit_code"": 0, ""stderr_base64"": """", ""stdout_base64"": ""MQo="", ""terminating_signal"": null, ""timeout_status"": false}",MzYK,MQo=,,,0,0,,,False,False,False,confirmed historical mismatch; replay count from implementation default
2.0,experiment_20260821_120308,187041be6ff56d8f2e20,p03835,F3,F3,0,p03835,counterexample,bd9c72f952911e7956c7feab,1,1,6,/home/dungbv/clau/reports/experiment_20260821_120308/counterexample_inputs/bd9c72f952911e7956c7feab.bin,f26576f69879ddce95bd280402a760b22f3af3cab3b0ad5f37d332c64c2f1271,True,,OUTPUT_MISMATCH,2,2,True,False,"{""exit_code"": 0, ""stderr_base64"": """", ""stdout_base64"": ""MjgK"", ""terminating_signal"": null, ""timeout_status"": false}","{""exit_code"": 0, ""stderr_base64"": """", ""stdout_base64"": ""MAo="", ""terminating_signal"": null, ""timeout_status"": false}",MjgK,MAo=,,,0,0,,,False,False,False,confirmed historical mismatch; replay count from implementation default
2.0,experiment_20260821_120308,187041be6ff56d8f2e20,p03835,F3,F3,0,p03835,counterexample,2af10594943d69482a27e142,1,1,7,/home/dungbv/clau/reports/experiment_20260821_120308/counterexample_inputs/2af10594943d69482a27e142.bin,911bb3183aa03d3d933c9ad06e6d320b3ae11773a3ed2e177ff7b069d691e9af,True,,OUTPUT_MISMATCH,2,2,True,False,"{""exit_code"": 0, ""stderr_base64"": """", ""stdout_base64"": ""MjMxCg=="", ""terminating_signal"": null, ""timeout_status"": false}","{""exit_code"": 0, ""stderr_base64"": """", ""stdout_base64"": ""MAo="", ""terminating_signal"": null, ""timeout_status"": false}",MjMxCg==,MAo=,,,0,0,,,False,False,False,confirmed historical mismatch; replay count from implementation default
2.0,experiment_20260821_120308,1570f6f00961aba7d783,p03854,B2,B2,0,p03854,counterexample,80ba7c0aa24fb239bb17a368,1,1,1,/home/dungbv/clau/reports/experiment_20260821_120308/counterexample_inputs/80ba7c0aa24fb239bb17a368.bin,c3e63de66826f7f1288de539fd8d7f1ad7319d06341255146cdeda10bf3a8100,True,,OUTPUT_MISMATCH,2,2,True,False,"{""exit_code"": 0, ""stderr_base64"": """", ""stdout_base64"": ""WUVTCg=="", ""terminating_signal"": null, ""timeout_status"": false}","{""exit_code"": 0, ""stderr_base64"": """", ""stdout_base64"": ""V3JvbmcK"", ""terminating_signal"": null, ""timeout_status"": false}",WUVTCg==,V3JvbmcK,,,0,0,,,False,False,False,confirmed historical mismatch; replay count from implementation default
2.0,experiment_20260821_120308,1570f6f00961aba7d783,p03854,B2,B2,0,p03854,counterexample,71a81dda622f8fc22ef079a5,1,1,2,/home/dungbv/clau/reports/experiment_20260821_120308/counterexample_inputs/71a81dda622f8fc22ef079a5.bin,a5b26c9b2ec21a5685ccad4e10e0768ff98c6cc1698dbbec912a0b2b09859dac,True,,OUTPUT_MISMATCH,2,2,True,False,"{""exit_code"": 0, ""stderr_base64"": """", ""stdout_base64"": ""WUVTCg=="", ""terminating_signal"": null, ""timeout_status"": false}","{""exit_code"": 0, ""stderr_base64"": """", ""stdout_base64"": ""V3JvbmcK"", ""terminating_signal"": null, ""timeout_status"": false}",WUVTCg==,V3JvbmcK,,,0,0,,,False,False,False,confirmed historical mismatch; replay count from implementation default
2.0,experiment_20260821_120308,1570f6f00961aba7d783,p03854,B2,B2,0,p03854,counterexample,917fd33165f25b39695e6a90,1,1,3,/home/dungbv/clau/reports/experiment_20260821_120308/counterexample_inputs/917fd33165f25b39695e6a90.bin,0897259a8548021034a5a876fbf1e8fa69d029a7fbb9c6e8552e61f9bbf2371f,True,,OUTPUT_MISMATCH,2,2,True,False,"{""exit_code"": 0, ""stderr_base64"": """", ""stdout_base64"": ""WUVTCg=="", ""terminating_signal"": null, ""timeout_status"": false}","{""exit_code"": 0, ""stderr_base64"": """", ""stdout_base64"": ""V3JvbmcK"", ""terminating_signal"": null, ""timeout_status"": false}",WUVTCg==,V3JvbmcK,,,0,0,,,False,False,False,confirmed historical mismatch; replay count from implementation default
2.0,experiment_20260821_120308,1570f6f00961aba7d783,p03854,B2,B2,0,p03854,counterexample,9a57d24b4448dd99ab36b7aa,1,1,4,/home/dungbv/clau/reports/experiment_20260821_120308/counterexample_inputs/9a57d24b4448dd99ab36b7aa.bin,fc167b2c4d286849dca27bb30eeaf5414b92037c0674df827f1cf30a7ac4b9be,True,,OUTPUT_MISMATCH,2,2,True,False,"{""exit_code"": 0, ""stderr_base64"": """", ""stdout_base64"": ""WUVTCg=="", ""terminating_signal"": null, ""timeout_status"": false}","{""exit_code"": 0, ""stderr_base64"": """", ""stdout_base64"": ""V3JvbmcK"", ""terminating_signal"": null, ""timeout_status"": false}",WUVTCg==,V3JvbmcK,,,0,0,,,False,False,False,confirmed historical mismatch; replay count from implementation default
2.0,experiment_20260821_120308,1570f6f00961aba7d783,p03854,B2,B2,0,p03854,counterexample,1b859d037b0e572ae785c116,1,1,5,/home/dungbv/clau/reports/experiment_20260821_120308/counterexample_inputs/1b859d037b0e572ae785c116.bin,78ac9562be15f1de2803dff50d455d99983ab98be24591cc3b6d763b8c6c1f4b,True,,OUTPUT_MISMATCH,2,2,True,False,"{""exit_code"": 0, ""stderr_base64"": """", ""stdout_base64"": ""Tk8K"", ""terminating_signal"": null, ""timeout_status"": false}","{""exit_code"": 0, ""stderr_base64"": """", ""stdout_base64"": ""V3JvbmcK"", ""terminating_signal"": null, ""timeout_status"": false}",Tk8K,V3JvbmcK,,,0,0,,,False,False,False,confirmed historical mismatch; replay count from implementation default
2.0,experiment_20260821_120308,1570f6f00961aba7d783,p03854,B2,B2,0,p03854,counterexample,9afe5d51c9ba0ad4f6694888,1,1,6,/home/dungbv/clau/reports/experiment_20260821_120308/counterexample_inputs/9afe5d51c9ba0ad4f6694888.bin,3fde60672b91c4ed2b36b4195bab49bd560d10986ad76ce59e15ba4e4c8aa0a1,True,,OUTPUT_MISMATCH,2,2,True,False,"{""exit_code"": 0, ""stderr_base64"": """", ""stdout_base64"": ""Tk8K"", ""terminating_signal"": null, ""timeout_status"": false}","{""exit_code"": 0, ""stderr_base64"": """", ""stdout_base64"": ""V3JvbmcK"", ""terminating_signal"": null, ""timeout_status"": false}",Tk8K,V3JvbmcK,,,0,0,,,False,False,False,confirmed historical mismatch; replay count from implementation default
2.0,experiment_20260821_120308,1570f6f00961aba7d783,p03854,B2,B2,0,p03854,counterexample,e63393190c3d64677253057b,1,1,7,/home/dungbv/clau/reports/experiment_20260821_120308/counterexample_inputs/e63393190c3d64677253057b.bin,af6fb869909a7a1435443be0156b3a9b9dda53db34da5004c91e5e2407d2e307,True,,OUTPUT_MISMATCH,2,2,True,False,"{""exit_code"": 0, ""stderr_base64"": """", ""stdout_base64"": ""Tk8K"", ""terminating_signal"": null, ""timeout_status"": false}","{""exit_code"": 0, ""stderr_base64"": """", ""stdout_base64"": ""V3JvbmcK"", ""terminating_signal"": null, ""timeout_status"": false}",Tk8K,V3JvbmcK,,,0,0,,,False,False,False,confirmed historical mismatch; replay count from implementation default
