experiment_id,sample_id,flow_id,repeat_id,llm_calls,input_tokens,output_tokens,total_tokens,estimated_api_cost,llm_latency,preprocessing_time,compile_time,fuzzing_time,total_runtime,time_to_first_candidate,time_to_first_compilable_candidate,time_to_first_behavioral_pass_candidate,compiler_attempts,compile_repair_rounds,behavioral_repair_rounds,counterexamples_used,peak_memory,cpu_time
experiment_20260821_162746,p00001,B1,0,1,14374,7496,21870,,12.061975479125977,,0.0,0.0,12.092958450317383,,,,0,0,0,0,,
experiment_20260821_162746,p00001,B2,0,1,23664,376,24040,,6.287950754165649,,0.05949211120605469,2.415743350982666,8.781749963760376,,,,1,0,0,0,,
experiment_20260821_162746,p00001,F1,0,1,16394,438,16832,,12.07953691482544,,0.05826544761657715,1.398228406906128,13.554730892181396,,,,1,0,0,0,,
experiment_20260821_162746,p00001,F2,0,2,368762,1027,369789,,41.458049297332764,,0.1554117202758789,5.861318349838257,47.51899242401123,,,,2,0,1,7,,
experiment_20260821_162746,p00001,F3,0,1,20716,783,21499,,15.785442113876343,,0.057732343673706055,1.4023768901824951,17.264320373535156,,,,1,0,0,0,,
experiment_20260821_162746,p00008,B1,0,1,36164,9772,45936,,36.93135643005371,,0.0,0.0,36.94287347793579,,,,0,0,0,0,,
experiment_20260821_162746,p00008,B2,0,1,37879,366,38245,,15.31130838394165,,0.06947708129882812,2.0476505756378174,17.449063062667847,,,,1,0,0,0,,
experiment_20260821_162746,p00008,F1,0,1,50554,173,50727,,19.27161455154419,,0.05919313430786133,2.32120418548584,21.66905975341797,,,,1,0,0,0,,
experiment_20260821_162746,p00008,F2,0,4,991391,5281,996672,,331.29941487312317,,0.3133723735809326,12.176905870437622,343.86451601982117,,,,1,0,0,0,,
experiment_20260821_162746,p00008,F3,0,1,60985,189,61174,,31.22217321395874,,0.05731606483459473,2.265284776687622,33.56239461898804,,,,1,0,0,0,,
experiment_20260821_162746,p00033,B1,0,1,19956,9746,29702,,16.53852152824402,,0.11159634590148926,21.32681703567505,38.01195192337036,,,,1,0,0,0,,
experiment_20260821_162746,p00033,B2,0,1,40803,500,41303,,19.909822463989258,,0.2163679599761963,5.063943862915039,25.249404907226562,,,,1,0,0,0,,
experiment_20260821_162746,p00033,F1,0,2,115368,1342,116710,,46.87929129600525,,0.2635834217071533,26.237950325012207,73.45225095748901,,,,2,0,1,1,,
experiment_20260821_162746,p00033,F2,0,5,1300786,8782,1309568,,375.43833446502686,,0.32691454887390137,180.56010937690735,556.4431200027466,,,,2,0,1,1,,
experiment_20260821_162746,p00033,F3,0,1,60518,712,61230,,26.187914848327637,,0.12718844413757324,2.760560989379883,29.111266613006592,,,,1,0,0,0,,
experiment_20260821_162746,p00165,B1,0,1,21606,7358,28964,,57.5902886390686,,0.0,0.0,57.64534783363342,,,,0,0,0,0,,
experiment_20260821_162746,p00165,B2,0,1,47662,330,47992,,73.70402550697327,,0.16612982749938965,242.558500289917,316.48463678359985,,,,1,0,0,0,,
experiment_20260821_162746,p00165,F1,0,1,38167,428,38595,,51.9506254196167,,0.21585726737976074,212.49137830734253,264.7160646915436,,,,1,0,0,0,,
experiment_20260821_162746,p00165,F2,0,4,826303,6007,832310,,332.7299520969391,,0.37114524841308594,305.02652287483215,638.2138473987579,,,,2,0,0,0,,
experiment_20260821_162746,p00165,F3,0,1,76583,2550,79133,,92.23749923706055,,0.0,0.0,92.25565886497498,,,,0,0,0,0,,
experiment_20260821_162746,p00327,B1,0,1,24803,10757,35560,,28.22689700126648,,0.0,0.0,28.291600227355957,,,,0,0,0,0,,
experiment_20260821_162746,p00327,B2,0,1,30515,278,30793,,6.780946969985962,,0.2732672691345215,14.12548542022705,21.283564567565918,,,,1,0,0,0,,
experiment_20260821_162746,p00327,F1,0,1,69029,508,69537,,41.8374764919281,,0.38167500495910645,9.744451761245728,52.03773522377014,,,,1,0,0,0,,
experiment_20260821_162746,p00327,F2,0,5,1251315,10678,1261993,,399.99384331703186,,0.42894935607910156,11.335402250289917,411.89346051216125,,,,2,0,1,4,,
experiment_20260821_162746,p00327,F3,0,1,53953,532,54485,,25.433749198913574,,0.3585240840911865,10.125547885894775,35.97497916221619,,,,1,0,0,0,,
experiment_20260821_162746,p00678,B1,0,1,20971,6837,27808,,17.38375997543335,,0.11021256446838379,3.2417380809783936,20.766072034835815,,,,1,0,0,0,,
experiment_20260821_162746,p00678,B2,0,1,23837,607,24444,,6.9620277881622314,,0.07059001922607422,4.340712308883667,11.390418291091919,,,,1,0,0,0,,
experiment_20260821_162746,p00678,F1,0,1,41446,697,42143,,22.179810523986816,,0.06559109687805176,2.499614715576172,24.761563539505005,,,,1,0,0,0,,
experiment_20260821_162746,p00678,F2,0,1,200711,677,201388,,46.08675575256348,,0.06911420822143555,2.2856500148773193,48.45932078361511,,,,1,0,0,0,,
experiment_20260821_162746,p00678,F3,0,1,42194,688,42882,,20.168214321136475,,0.06465387344360352,12.043828010559082,32.294209480285645,,,,1,0,0,0,,
experiment_20260821_162746,p00693,B1,0,1,29151,10551,39702,,30.65264892578125,,0.0,0.0,30.6617488861084,,,,0,0,0,0,,
experiment_20260821_162746,p00693,B2,0,1,36256,548,36804,,15.029815435409546,,0.0682687759399414,1.7049317359924316,16.821009159088135,,,,1,0,0,0,,
experiment_20260821_162746,p00693,F1,0,1,66688,628,67316,,30.669186115264893,,0.07567572593688965,1.4952311515808105,32.25952363014221,,,,1,0,0,0,,
experiment_20260821_162746,p00693,F2,0,2,479507,1513,481020,,111.99469041824341,,0.1410837173461914,3.198639392852783,115.37362384796143,,,,2,0,1,1,,
experiment_20260821_162746,p00693,F3,0,1,63314,672,63986,,22.4255313873291,,0.06385970115661621,1.8758158683776855,24.383121013641357,,,,1,0,0,0,,
experiment_20260821_162746,p00788,B1,0,1,22305,6658,28963,,21.46605134010315,,0.0,0.0,21.47368335723877,,,,0,0,0,0,,
experiment_20260821_162746,p00788,B2,0,1,32283,321,32604,,22.67645001411438,,0.058634281158447266,3.4139978885650635,26.165995597839355,,,,1,0,0,0,,
experiment_20260821_162746,p00788,F1,0,1,52369,490,52859,,30.541985273361206,,0.05694937705993652,1.8133931159973145,32.43253564834595,,,,1,0,0,0,,
experiment_20260821_162746,p00788,F2,0,3,612673,3605,616278,,176.21616172790527,,0.1452653408050537,4.756030797958374,181.16118955612183,,,,2,0,1,7,,
experiment_20260821_162746,p00788,F3,0,1,50952,564,51516,,29.851260900497437,,0.05764484405517578,1.811601161956787,31.73727798461914,,,,1,0,0,0,,
experiment_20260821_162746,p00793,B1,0,1,26273,2236,28509,,23.601393938064575,,0.41171717643737793,8.50966739654541,32.60244035720825,,,,1,0,0,0,,
experiment_20260821_162746,p00793,B2,0,1,32654,1018,33672,,19.49361562728882,,0.09477090835571289,0.0,19.638634204864502,,,,1,0,0,0,,
experiment_20260821_162746,p00793,F1,0,2,376574,2204,378778,,184.6815152168274,,0.5139687061309814,12.103846788406372,197.4249083995819,,,,2,0,1,7,,
experiment_20260821_162746,p00793,F2,0,3,768271,4526,772797,,217.26813340187073,,0.443950891494751,11.757319927215576,229.5755798816681,,,,3,0,2,7,,
experiment_20260821_162746,p00793,F3,0,1,185239,1706,186945,,73.5580825805664,,0.5206146240234375,10.317788124084473,84.48417592048645,,,,1,0,0,0,,
experiment_20260821_162746,p00859,B1,0,1,44329,10822,55151,,38.98414659500122,,0.0,0.0,39.028586626052856,,,,0,0,0,0,,
experiment_20260821_162746,p00859,B2,0,1,30930,722,31652,,6.209148168563843,,0.07316470146179199,2.4750514030456543,8.775390625,,,,1,0,0,0,,
experiment_20260821_162746,p00859,F1,0,1,53844,775,54619,,30.41288471221924,,0.07333064079284668,1.4577715396881104,31.96179509162903,,,,1,0,0,0,,
experiment_20260821_162746,p00859,F2,0,3,799702,5242,804944,,213.70039677619934,,0.5499448776245117,19.991549730300903,234.4454424381256,,,,2,0,1,7,,
experiment_20260821_162746,p00859,F3,0,1,50120,1004,51124,,25.273152828216553,,0.0718088150024414,1.4831407070159912,26.846150875091553,,,,1,0,0,0,,
experiment_20260821_162746,p00867,B1,0,1,103581,7768,111349,,92.69166040420532,,0.0,0.0,92.69716262817383,,,,0,0,0,0,,
experiment_20260821_162746,p00867,B2,0,1,106822,941,107763,,9.91169023513794,,0.031054973602294922,0.0,9.961012363433838,,,,1,0,0,0,,
experiment_20260821_162746,p00867,F1,0,5,1326418,11306,1337724,,547.7255599498749,,0.08926773071289062,2.164214849472046,550.0171084403992,,,,1,0,0,0,,
experiment_20260821_162746,p00867,F2,0,5,3160573,10216,3170789,,544.6478974819183,,0.0,0.0,544.6693692207336,,,,0,0,0,0,,
experiment_20260821_162746,p00867,F3,0,1,261628,2560,264188,,116.98760223388672,,0.0,0.0,116.99095392227173,,,,0,0,0,0,,
experiment_20260821_162746,p01296,B1,0,1,59810,37900,97710,,96.25622701644897,,0.0,0.0,96.64431238174438,,,,0,0,0,0,,
experiment_20260821_162746,p01296,B2,0,1,148217,2085,150302,,93.19694781303406,,0.1477959156036377,14.43948769569397,107.81431341171265,,,,1,0,0,0,,
experiment_20260821_162746,p01296,F1,0,5,1416065,11372,1427437,,501.4547917842865,,0.33559441566467285,19.453596591949463,521.329999923706,,,,2,0,1,7,,
experiment_20260821_162746,p01296,F2,0,5,2822539,6868,2829407,,534.1281473636627,,0.43149518966674805,10.660097599029541,545.3164772987366,,,,3,0,2,7,,
experiment_20260821_162746,p01296,F3,0,1,279867,2073,281940,,79.4896731376648,,0.08498239517211914,2.072922468185425,81.67463946342468,,,,1,0,0,0,,
experiment_20260821_162746,p01315,B1,0,1,36805,8853,45658,,38.527520179748535,,0.0,0.0,38.53285527229309,,,,0,0,0,0,,
experiment_20260821_162746,p01315,B2,0,1,31330,563,31893,,9.268862962722778,,0.40320611000061035,6.3194897174835205,16.023834705352783,,,,1,0,0,0,,
experiment_20260821_162746,p01315,F1,0,1,50108,529,50637,,33.27295136451721,,0.14643311500549316,4.523715257644653,37.98418188095093,,,,1,0,0,0,,
experiment_20260821_162746,p01315,F2,0,4,1023290,6411,1029701,,278.7379319667816,,0.34323549270629883,15.784550666809082,294.9844446182251,,,,2,0,1,7,,
experiment_20260821_162746,p01315,F3,0,1,50796,620,51416,,28.538230419158936,,0.21315360069274902,4.080475091934204,32.86613750457764,,,,1,0,0,0,,
experiment_20260821_162746,p01571,B1,0,1,74083,32943,107026,,83.10214424133301,,0.0,0.0,83.13689303398132,,,,0,0,0,0,,
experiment_20260821_162746,p01571,B2,0,1,88924,1808,90732,,29.61276388168335,,0.08954858779907227,2.385835647583008,32.10854649543762,,,,1,0,0,0,,
experiment_20260821_162746,p01571,F1,0,5,1022629,11612,1034241,,406.88068890571594,,0.0,0.0,406.9035611152649,,,,0,0,0,0,,
experiment_20260821_162746,p01571,F2,0,5,2676190,7852,2684042,,611.9010891914368,,0.2624521255493164,13.050954341888428,625.2904760837555,,,,3,0,2,14,,
experiment_20260821_162746,p01571,F3,0,1,204268,2553,206821,,66.12573051452637,,0.0,0.0,66.12952446937561,,,,0,0,0,0,,
experiment_20260821_162746,p01687,B1,0,1,35557,7471,43028,,33.89210915565491,,0.0,0.0,33.9341402053833,,,,0,0,0,0,,
experiment_20260821_162746,p01687,B2,0,1,28092,390,28482,,14.601593017578125,,0.06408929824829102,3.1448092460632324,17.82902693748474,,,,1,0,0,0,,
experiment_20260821_162746,p01687,F1,0,1,52708,529,53237,,35.73472452163696,,0.05991673469543457,3.0687484741210938,38.87997269630432,,,,1,0,0,0,,
experiment_20260821_162746,p01687,F2,0,3,647566,3625,651191,,183.00262546539307,,0.4498326778411865,15.949883699417114,199.51358151435852,,,,2,0,1,7,,
experiment_20260821_162746,p01687,F3,0,1,91225,527,91752,,58.231114864349365,,0.15152239799499512,1.6227226257324219,60.0510835647583,,,,1,0,0,0,,
experiment_20260821_162746,p01766,B1,0,1,33045,6398,39443,,49.15223431587219,,0.0,0.0,49.21929621696472,,,,0,0,0,0,,
experiment_20260821_162746,p01766,B2,0,1,22056,552,22608,,6.339810848236084,,0.19582819938659668,13.174547672271729,19.760590076446533,,,,1,0,0,0,,
experiment_20260821_162746,p01766,F1,0,1,27741,595,28336,,18.24229669570923,,0.16481971740722656,10.661227941513062,29.166213512420654,,,,1,0,0,0,,
experiment_20260821_162746,p01766,F2,0,5,1003448,6617,1010065,,255.62446284294128,,0.7041563987731934,43.820716381073,300.4322338104248,,,,3,0,2,8,,
experiment_20260821_162746,p01766,F3,0,1,27065,614,27679,,17.7032413482666,,0.21617364883422852,11.817473411560059,29.80188822746277,,,,1,0,0,0,,
experiment_20260821_162746,p01970,B1,0,1,26634,8993,35627,,22.97336173057556,,0.0,0.0,22.992657899856567,,,,0,0,0,0,,
experiment_20260821_162746,p01970,B2,0,1,36655,562,37217,,20.33336114883423,,0.10687494277954102,94.12053561210632,114.59859299659729,,,,1,0,0,0,,
experiment_20260821_162746,p01970,F1,0,1,45143,718,45861,,38.431883096694946,,0.15312552452087402,119.59308099746704,158.21709179878235,,,,1,0,0,0,,
experiment_20260821_162746,p01970,F2,0,1,243380,1081,244461,,65.56962060928345,,0.3922717571258545,158.79041004180908,224.84552550315857,,,,1,0,0,0,,
experiment_20260821_162746,p01970,F3,0,1,48351,630,48981,,42.51776146888733,,0.23951387405395508,129.90907526016235,172.75224423408508,,,,1,0,0,0,,
experiment_20260821_162746,p02029,B1,0,1,54987,16095,71082,,56.949461698532104,,0.0,0.0,56.962846517562866,,,,0,0,0,0,,
experiment_20260821_162746,p02029,B2,0,1,99244,2555,101799,,107.67511916160583,,0.0,0.0,107.67941784858704,,,,0,0,0,0,,
experiment_20260821_162746,p02029,F1,0,3,273141,3950,277091,,261.4009234905243,,0.28203392028808594,9.329322576522827,271.0775852203369,,,,3,0,2,14,,
experiment_20260821_162746,p02029,F2,0,5,1573752,7540,1581292,,545.4276142120361,,0.38327717781066895,459.72588753700256,1005.648983001709,,,,4,0,3,21,,
experiment_20260821_162746,p02029,F3,0,1,81557,1359,82916,,94.26974821090698,,0.13881254196166992,5.988507270812988,100.42853426933289,,,,1,0,0,0,,
experiment_20260821_162746,p02100,B1,0,1,13215,5555,18770,,11.63986349105835,,0.0,0.0,11.647924661636353,,,,0,0,0,0,,
experiment_20260821_162746,p02100,B2,0,1,20573,503,21076,,6.964544296264648,,0.0624544620513916,198.70443153381348,205.7482259273529,,,,1,0,0,0,,
experiment_20260821_162746,p02100,F1,0,1,39600,436,40036,,34.759706020355225,,0.07723307609558105,1.7164461612701416,36.571332693099976,,,,1,0,0,0,,
experiment_20260821_162746,p02100,F2,0,5,982918,7098,990016,,369.6426610946655,,0.41132116317749023,364.56393480300903,734.7415859699249,,,,3,0,2,14,,
experiment_20260821_162746,p02100,F3,0,1,40860,441,41301,,38.5208580493927,,0.062273263931274414,4.146661996841431,42.74949073791504,,,,1,0,0,0,,
experiment_20260821_162746,p02289,B1,0,1,60049,22817,82866,,52.88633131980896,,0.0,0.0,52.974554777145386,,,,0,0,0,0,,
experiment_20260821_162746,p02289,B2,0,1,85713,836,86549,,46.57855176925659,,0.29927778244018555,10.722944974899292,57.6717324256897,,,,1,0,0,0,,
experiment_20260821_162746,p02289,F1,0,3,331328,3345,334673,,155.15934681892395,,0.9649794101715088,24.179028034210205,180.5388298034668,,,,3,0,2,8,,
experiment_20260821_162746,p02289,F2,0,3,1179250,4271,1183521,,263.0090425014496,,0.25551581382751465,9.73177981376648,273.07440304756165,,,,2,0,1,6,,
experiment_20260821_162746,p02289,F3,0,1,106225,1083,107308,,45.5107057094574,,0.21729183197021484,8.72442364692688,54.5159592628479,,,,1,0,0,0,,
experiment_20260821_162746,p02474,B1,0,1,18285,8088,26373,,17.584964752197266,,0.0,0.0,17.596718072891235,,,,0,0,0,0,,
experiment_20260821_162746,p02474,B2,0,1,27530,534,28064,,23.857465505599976,,0.2316575050354004,378.8045473098755,402.945419549942,,,,1,0,0,0,,
experiment_20260821_162746,p02474,F1,0,4,268820,5303,274123,,216.57434844970703,,0.43071532249450684,524.0998165607452,741.1801474094391,,,,2,0,1,7,,
experiment_20260821_162746,p02474,F2,0,4,907839,6243,914082,,296.93609714508057,,0.3348848819732666,520.8528952598572,818.2043426036835,,,,2,0,1,7,,
experiment_20260821_162746,p02474,F3,0,1,42144,631,42775,,35.57693409919739,,0.2771730422973633,369.17197585105896,405.07584261894226,,,,1,0,0,0,,
experiment_20260821_162746,p02477,B1,0,1,121939,2558,124497,,112.8775086402893,,0.0,0.0,113.46568870544434,,,,0,0,0,0,,
experiment_20260821_162746,p02477,B2,0,1,200771,1062,201833,,104.49326777458191,,0.16894054412841797,12.300109386444092,116.99379634857178,,,,1,0,0,0,,
experiment_20260821_162746,p02477,F1,0,1,144900,1074,145974,,62.0702338218689,,0.09150505065917969,6.396401405334473,68.58808541297913,,,,1,0,0,0,,
experiment_20260821_162746,p02477,F2,0,5,3784749,11328,3796077,,544.5682957172394,,0.08916163444519043,5.271015167236328,549.9647214412689,,,,1,0,0,0,,
experiment_20260821_162746,p02477,F3,0,1,150061,1108,151169,,83.42334938049316,,0.19909310340881348,7.797079563140869,91.47245144844055,,,,1,0,0,0,,
experiment_20260821_162746,p02788,B1,0,1,61182,16724,77906,,66.88559627532959,,0.0,0.0,66.89974761009216,,,,0,0,0,0,,
experiment_20260821_162746,p02788,B2,0,1,75865,1274,77139,,58.64944076538086,,0.03867912292480469,0.0,58.71162819862366,,,,1,0,0,0,,
experiment_20260821_162746,p02788,F1,0,1,95351,1486,96837,,60.31821537017822,,0.07660770416259766,1.7428739070892334,62.15734124183655,,,,1,0,0,0,,
experiment_20260821_162746,p02788,F2,0,3,987245,3987,991232,,240.4830765724182,,0.27434611320495605,9.139646053314209,249.96010279655457,,,,2,0,1,3,,
experiment_20260821_162746,p02788,F3,0,1,94118,1250,95368,,78.00370979309082,,0.07440829277038574,2.254901885986328,80.3525595664978,,,,1,0,0,0,,
experiment_20260821_162746,p02814,B1,0,1,33176,11271,44447,,34.33663630485535,,0.0,0.0,34.37043023109436,,,,0,0,0,0,,
experiment_20260821_162746,p02814,B2,0,1,27530,473,28003,,8.147890567779541,,0.07607316970825195,1.5823848247528076,9.835595607757568,,,,1,0,0,0,,
experiment_20260821_162746,p02814,F1,0,2,185878,1147,187025,,72.31174206733704,,0.173170804977417,4.6957848072052,77.23522210121155,,,,2,0,1,1,,
experiment_20260821_162746,p02814,F2,0,5,1329194,7078,1336272,,367.913211107254,,0.4409198760986328,11.463507652282715,379.91892170906067,,,,3,0,2,3,,
experiment_20260821_162746,p02814,F3,0,1,88963,629,89592,,37.18363070487976,,0.1112828254699707,2.2902028560638428,39.63143181800842,,,,1,0,0,0,,
experiment_20260821_162746,p02950,B1,0,1,20840,13586,34426,,20.812941789627075,,0.0,0.0,20.84896206855774,,,,0,0,0,0,,
experiment_20260821_162746,p02950,B2,0,1,57823,732,58555,,35.0637412071228,,0.08559179306030273,5.080708980560303,40.25362515449524,,,,1,0,0,0,,
experiment_20260821_162746,p02950,F1,0,1,116692,960,117652,,63.45984649658203,,0.1081998348236084,2.323188543319702,65.914391040802,,,,1,0,0,0,,
experiment_20260821_162746,p02950,F2,0,5,1517349,7406,1524755,,411.0266320705414,,0.24295830726623535,24.576499462127686,435.9542164802551,,,,2,0,1,7,,
experiment_20260821_162746,p02950,F3,0,1,113753,806,114559,,59.821497440338135,,0.06999588012695312,2.3821871280670166,62.29195189476013,,,,1,0,0,0,,
experiment_20260821_162746,p03006,B1,0,1,88696,32142,120838,,69.39699864387512,,0.0,0.0,69.45679235458374,,,,0,0,0,0,,
experiment_20260821_162746,p03006,B2,0,1,153199,685,153884,,48.01865315437317,,0.16389942169189453,10.397638320922852,58.622793436050415,,,,1,0,0,0,,
experiment_20260821_162746,p03006,F1,0,5,1292751,11366,1304117,,423.6949186325073,,0.06754827499389648,118.9446771144867,542.7551910877228,,,,1,0,0,0,,
experiment_20260821_162746,p03006,F2,0,5,3916148,12154,3928302,,513.6026339530945,,0.08162188529968262,27.138562202453613,540.862654209137,,,,1,0,0,0,,
experiment_20260821_162746,p03006,F3,0,1,257393,2554,259947,,89.51535868644714,,0.0,0.0,89.51896357536316,,,,0,0,0,0,,
experiment_20260821_162746,p03111,B1,0,1,93818,4818,98636,,55.78768301010132,,0.1539442539215088,14.999733924865723,70.96887731552124,,,,1,0,0,0,,
experiment_20260821_162746,p03111,B2,0,1,203739,2559,206298,,59.422950744628906,,0.0,0.0,59.4264235496521,,,,0,0,0,0,,
experiment_20260821_162746,p03111,F1,0,2,311832,1236,313068,,63.56933331489563,,0.17169189453125,180.41492366790771,244.1986439228058,,,,2,0,1,7,,
experiment_20260821_162746,p03111,F2,0,5,4144871,8334,4153205,,647.2796335220337,,0.14262747764587402,115.91819667816162,763.3905613422394,,,,2,0,1,7,,
experiment_20260821_162746,p03111,F3,0,1,193927,2550,196477,,54.17067575454712,,0.0,0.0,54.1889488697052,,,,0,0,0,0,,
experiment_20260821_162746,p03142,B1,0,1,146895,23930,170825,,81.70664119720459,,0.0,0.0,81.72235488891602,,,,0,0,0,0,,
experiment_20260821_162746,p03142,B2,0,1,264082,1335,265417,,39.47384762763977,,0.08623504638671875,3.3628857135772705,42.9465274810791,,,,1,0,0,0,,
experiment_20260821_162746,p03142,F1,0,1,260936,808,261744,,75.98978281021118,,0.06901264190673828,2.037818670272827,78.11571431159973,,,,1,0,0,0,,
experiment_20260821_162746,p03142,F2,0,1,0,0,0,,58.39695334434509,,0.0,0.0,58.40709829330444,,,,0,0,0,0,,
experiment_20260821_162746,p03142,F3,0,1,234319,803,235122,,59.98778796195984,,0.09372234344482422,2.071547031402588,62.17238235473633,,,,1,0,0,0,,
experiment_20260821_162746,p03199,B1,0,1,43148,26464,69612,,40.0772750377655,,0.0,0.0,40.09874415397644,,,,0,0,0,0,,
experiment_20260821_162746,p03199,B2,0,1,102895,1030,103925,,61.20019602775574,,0.15325236320495605,6.970421552658081,68.35846424102783,,,,1,0,0,0,,
experiment_20260821_162746,p03199,F1,0,4,638120,7354,645474,,374.0354754924774,,0.2904801368713379,13.51537299156189,387.91188883781433,,,,3,0,2,14,,
experiment_20260821_162746,p03199,F2,0,5,2283493,10235,2293728,,637.6814844608307,,0.1850295066833496,7.197551727294922,645.108715057373,,,,2,0,1,7,,
experiment_20260821_162746,p03199,F3,0,1,142097,1614,143711,,55.552166223526,,0.08770942687988281,5.077972888946533,60.73761487007141,,,,1,0,0,0,,
experiment_20260821_162746,p03261,B1,0,1,46802,38291,85093,,96.03856348991394,,0.0,0.0,96.07553124427795,,,,0,0,0,0,,
experiment_20260821_162746,p03261,B2,0,1,102668,312,102980,,18.27759861946106,,0.06387448310852051,3.313589096069336,21.67279052734375,,,,1,0,0,0,,
experiment_20260821_162746,p03261,F1,0,4,575637,5748,581385,,222.22268056869507,,0.14830827713012695,9.191350936889648,231.60434222221375,,,,2,0,1,7,,
experiment_20260821_162746,p03261,F2,0,1,647978,302,648280,,174.31406259536743,,0.06607460975646973,3.494964838027954,177.8946990966797,,,,1,0,0,0,,
experiment_20260821_162746,p03261,F3,0,1,117809,330,118139,,41.87515044212341,,0.062273502349853516,3.709707260131836,45.66537618637085,,,,1,0,0,0,,
experiment_20260821_162746,p03430,B1,0,1,19235,11095,30330,,17.348312616348267,,0.0,0.0,17.456839561462402,,,,0,0,0,0,,
experiment_20260821_162746,p03430,B2,0,1,48526,504,49030,,28.673995971679688,,0.08473563194274902,1.595947027206421,30.37353801727295,,,,1,0,0,0,,
experiment_20260821_162746,p03430,F1,0,1,71684,560,72244,,27.23749589920044,,0.06964802742004395,1.644538164138794,28.968320608139038,,,,1,0,0,0,,
experiment_20260821_162746,p03430,F2,0,5,1333509,10032,1343541,,346.54526710510254,,0.31625819206237793,5.352463483810425,352.30486011505127,,,,2,0,1,7,,
experiment_20260821_162746,p03430,F3,0,1,68079,631,68710,,19.146613359451294,,0.07094788551330566,2.36116623878479,21.59612464904785,,,,1,0,0,0,,
experiment_20260821_162746,p03434,B1,0,1,89334,25176,114510,,63.80031704902649,,0.0,0.0,63.81658625602722,,,,0,0,0,0,,
experiment_20260821_162746,p03434,B2,0,1,169145,1,169146,,63.255581855773926,,0.0,0.0,63.25966477394104,,,,0,0,0,0,,
experiment_20260821_162746,p03434,F1,0,1,110995,551,111546,,19.01253056526184,,0.18642807006835938,8.055286407470703,27.28249955177307,,,,1,0,0,0,,
experiment_20260821_162746,p03434,F2,0,2,1276600,905,1277505,,136.9038586616516,,0.14403963088989258,3.892493724822998,140.9869933128357,,,,2,0,1,7,,
experiment_20260821_162746,p03434,F3,0,1,112536,361,112897,,22.194311380386353,,0.06215548515319824,1.5055394172668457,23.779197692871094,,,,1,0,0,0,,
experiment_20260821_162746,p03493,B1,0,1,64361,38790,103151,,68.61826825141907,,0.0,0.0,68.63890981674194,,,,0,0,0,0,,
experiment_20260821_162746,p03493,B2,0,1,96705,930,97635,,16.201337099075317,,0.08054780960083008,2.432748317718506,18.73887610435486,,,,1,0,0,0,,
experiment_20260821_162746,p03493,F1,0,1,97599,131,97730,,18.572786808013916,,0.05143451690673828,1.3768835067749023,20.020508766174316,,,,1,0,0,0,,
experiment_20260821_162746,p03493,F2,0,1,515307,109,515416,,43.733518838882446,,0.050379037857055664,1.5166418552398682,45.31770992279053,,,,1,0,0,0,,
experiment_20260821_162746,p03493,F3,0,1,95142,149,95291,,15.393615961074829,,0.062087059020996094,1.9402751922607422,17.414408683776855,,,,1,0,0,0,,
experiment_20260821_162746,p03510,B1,0,1,21421,11984,33405,,20.758349895477295,,0.0,0.0,20.77103328704834,,,,0,0,0,0,,
experiment_20260821_162746,p03510,B2,0,1,39605,774,40379,,17.43435287475586,,0.06989264488220215,2.4361393451690674,19.9580237865448,,,,1,0,0,0,,
experiment_20260821_162746,p03510,F1,0,2,165351,1723,167074,,114.29560923576355,,0.139143705368042,7.00281834602356,121.47428178787231,,,,2,0,1,7,,
experiment_20260821_162746,p03510,F2,0,5,1364113,8951,1373064,,340.15557765960693,,0.31000399589538574,15.027492761611938,355.5670962333679,,,,2,0,1,7,,
experiment_20260821_162746,p03510,F3,0,1,74415,844,75259,,55.45058250427246,,0.07938122749328613,1.8225932121276855,57.37626361846924,,,,1,0,0,0,,
experiment_20260821_162746,p03543,B1,0,1,26677,5279,31956,,25.550232887268066,,0.0,0.0,25.585591077804565,,,,0,0,0,0,,
experiment_20260821_162746,p03543,B2,0,1,20554,162,20716,,28.019938468933105,,0.15662932395935059,7.858524322509766,36.08405375480652,,,,1,0,0,0,,
experiment_20260821_162746,p03543,F1,0,1,40398,184,40582,,37.253806352615356,,0.12497949600219727,7.640183448791504,45.06638717651367,,,,1,0,0,0,,
experiment_20260821_162746,p03543,F2,0,1,177979,168,178147,,42.657954454422,,0.14667677879333496,8.192315816879272,51.04705286026001,,,,1,0,0,0,,
experiment_20260821_162746,p03543,F3,0,1,30528,260,30788,,12.23692512512207,,0.17351698875427246,7.377979755401611,19.832409858703613,,,,1,0,0,0,,
experiment_20260821_162746,p03773,B1,0,1,41013,24124,65137,,39.0684552192688,,0.0,0.0,39.138854026794434,,,,0,0,0,0,,
experiment_20260821_162746,p03773,B2,0,1,64567,1008,65575,,10.432300329208374,,0.0783686637878418,1.5645756721496582,12.09190320968628,,,,1,0,0,0,,
experiment_20260821_162746,p03773,F1,0,1,6100,64,6164,,2.5288186073303223,,0.050637245178222656,1.3846821784973145,3.979564905166626,,,,1,0,0,0,,
experiment_20260821_162746,p03773,F2,0,1,410559,71,410630,,77.63348937034607,,0.06957030296325684,1.6357319355010986,79.36073541641235,,,,1,0,0,0,,
experiment_20260821_162746,p03773,F3,0,1,5887,74,5961,,1.8969686031341553,,0.05115652084350586,2.0641961097717285,4.029081344604492,,,,1,0,0,0,,
experiment_20260821_162746,p03776,B1,0,1,58861,42130,100991,,95.17212963104248,,0.0,0.0,95.20838570594788,,,,0,0,0,0,,
experiment_20260821_162746,p03776,B2,0,1,116616,586,117202,,40.754239082336426,,0.03232526779174805,0.0,40.806331396102905,,,,1,0,0,0,,
experiment_20260821_162746,p03776,F1,0,2,511977,3309,515286,,176.38778638839722,,0.09427857398986816,2.753412961959839,179.2636525630951,,,,1,0,0,0,,
experiment_20260821_162746,p03776,F2,0,5,2999275,9112,3008387,,514.573429107666,,0.17252588272094727,5.603156089782715,520.4000091552734,,,,2,0,1,7,,
experiment_20260821_162746,p03776,F3,0,1,243312,700,244012,,93.90312433242798,,0.11138081550598145,2.10721492767334,96.14362716674805,,,,1,0,0,0,,
experiment_20260821_162746,p03835,B1,0,1,58336,36668,95004,,55.96454739570618,,0.0,0.0,56.50609731674194,,,,0,0,0,0,,
experiment_20260821_162746,p03835,B2,0,1,98811,170,98981,,14.367247581481934,,0.24339652061462402,72.81683444976807,87.49845170974731,,,,1,0,0,0,,
experiment_20260821_162746,p03835,F1,0,1,78629,248,78877,,11.388094186782837,,0.29446935653686523,73.30334138870239,85.07783675193787,,,,1,0,0,0,,
experiment_20260821_162746,p03835,F2,0,2,1045825,2701,1048526,,116.28123950958252,,0.3202667236328125,54.46534061431885,171.13926458358765,,,,1,0,0,0,,
experiment_20260821_162746,p03835,F3,0,1,79329,199,79528,,14.321275472640991,,0.20833754539489746,72.95929718017578,87.54822874069214,,,,1,0,0,0,,
experiment_20260821_162746,p03854,B1,0,1,30254,15307,45561,,46.18994355201721,,0.0,0.0,46.24076318740845,,,,0,0,0,0,,
experiment_20260821_162746,p03854,B2,0,1,42162,386,42548,,24.8888578414917,,0.16194391250610352,10.713945150375366,35.808929204940796,,,,1,0,0,0,,
experiment_20260821_162746,p03854,F1,0,1,50214,394,50608,,34.64768028259277,,0.20051074028015137,7.137259244918823,42.04085874557495,,,,1,0,0,0,,
experiment_20260821_162746,p03854,F2,0,1,335071,543,335614,,69.5406129360199,,0.17796111106872559,7.943772792816162,77.74371576309204,,,,1,0,0,0,,
experiment_20260821_162746,p03854,F3,0,1,50218,322,50540,,15.340646028518677,,0.17072772979736328,7.7709009647369385,23.349689722061157,,,,1,0,0,0,,
experiment_20260821_162746,p04028,B1,0,1,24671,9249,33920,,19.84869694709778,,0.0,0.0,19.857635498046875,,,,0,0,0,0,,
experiment_20260821_162746,p04028,B2,0,1,61037,651,61688,,40.39710593223572,,0.07399988174438477,16.251412630081177,56.74280023574829,,,,1,0,0,0,,
experiment_20260821_162746,p04028,F1,0,1,55501,683,56184,,28.74936532974243,,0.07655143737792969,5.979564666748047,34.82791566848755,,,,1,0,0,0,,
experiment_20260821_162746,p04028,F2,0,5,1333436,2840,1336276,,331.0089294910431,,0.5639758110046387,116.4659972190857,448.1903004646301,,,,4,0,3,21,,
experiment_20260821_162746,p04028,F3,0,1,58086,661,58747,,34.02190113067627,,0.08961915969848633,7.390602111816406,41.52995991706848,,,,1,0,0,0,,
