sample_id,stage,instructions,blocks,branches,treatment
h00001,raw_lift,1201,117,41,F3-O1
h00001,brightened_010_095,692,44,4,F3-O1
h00001,verified_input,692,44,4,F3-O1
h00001,pointer_opt,669,44,4,F3-O1
h00001,standard_opt,643,44,4,F3-O1
h00001,storage_delift,643,44,4,F3-O1
h00001,residual_strip,643,44,4,F3-O1
h00001,final_clean,597,44,4,F3-O1
h00002,raw_lift,1212,117,41,F3-O1
h00002,brightened_010_095,243,27,2,F3-O1
h00002,verified_input,243,27,2,F3-O1
h00002,pointer_opt,243,27,2,F3-O1
h00002,standard_opt,220,27,2,F3-O1
h00002,storage_delift,220,27,2,F3-O1
h00002,residual_strip,220,27,2,F3-O1
h00002,final_clean,219,26,2,F3-O1
h00003,raw_lift,1288,127,46,F3-O1
h00003,brightened_010_095,260,34,1,F3-O1
h00003,verified_input,260,34,1,F3-O1
h00003,pointer_opt,260,34,1,F3-O1
h00003,standard_opt,231,34,1,F3-O1
h00003,storage_delift,231,34,1,F3-O1
h00003,residual_strip,231,34,1,F3-O1
h00003,final_clean,230,33,1,F3-O1
h00004,raw_lift,1478,117,37,F3-O1
h00004,brightened_010_095,1148,40,4,F3-O1
h00004,verified_input,1148,40,4,F3-O1
h00004,pointer_opt,1144,40,4,F3-O1
h00004,standard_opt,1050,40,4,F3-O1
h00004,storage_delift,1050,40,4,F3-O1
h00004,residual_strip,1050,40,4,F3-O1
h00004,final_clean,981,40,4,F3-O1
h00005,raw_lift,1082,101,32,F3-O1
h00005,brightened_010_095,729,35,4,F3-O1
h00005,verified_input,729,35,4,F3-O1
h00005,pointer_opt,720,35,4,F3-O1
h00005,standard_opt,682,35,4,F3-O1
h00005,storage_delift,682,35,4,F3-O1
h00005,residual_strip,682,35,4,F3-O1
h00005,final_clean,633,35,4,F3-O1
h00006,raw_lift,1347,131,48,F3-O1
h00006,brightened_010_095,844,49,2,F3-O1
h00006,verified_input,844,49,2,F3-O1
h00006,pointer_opt,820,49,2,F3-O1
h00006,standard_opt,794,49,2,F3-O1
h00006,storage_delift,794,49,2,F3-O1
h00006,residual_strip,794,49,2,F3-O1
h00006,final_clean,673,49,2,F3-O1
h00007,raw_lift,1633,151,57,F3-O1
h00007,brightened_010_095,1084,48,9,F3-O1
h00007,verified_input,1084,48,9,F3-O1
h00007,pointer_opt,1071,48,9,F3-O1
h00007,standard_opt,1006,48,9,F3-O1
h00007,storage_delift,1006,48,9,F3-O1
h00007,residual_strip,1006,48,9,F3-O1
h00007,final_clean,939,48,9,F3-O1
h00008,raw_lift,1244,114,39,F3-O1
h00008,brightened_010_095,945,44,6,F3-O1
h00008,verified_input,945,44,6,F3-O1
h00008,pointer_opt,930,44,6,F3-O1
h00008,standard_opt,908,44,6,F3-O1
h00008,storage_delift,908,44,6,F3-O1
h00008,residual_strip,908,44,6,F3-O1
h00008,final_clean,816,44,6,F3-O1
h00009,raw_lift,1361,151,58,F3-O1
h00009,brightened_010_095,312,46,1,F3-O1
h00009,verified_input,312,46,1,F3-O1
h00009,pointer_opt,312,46,1,F3-O1
h00009,standard_opt,280,46,1,F3-O1
h00009,storage_delift,280,46,1,F3-O1
h00009,residual_strip,280,46,1,F3-O1
h00009,final_clean,279,45,1,F3-O1
h00010,raw_lift,1513,128,44,F3-O1
h00010,brightened_010_095,1203,49,4,F3-O1
h00010,verified_input,1203,49,4,F3-O1
h00010,pointer_opt,1183,49,4,F3-O1
h00010,standard_opt,1067,49,4,F3-O1
h00010,storage_delift,1067,49,4,F3-O1
h00010,residual_strip,1067,49,4,F3-O1
h00010,final_clean,960,49,4,F3-O1
h00011,raw_lift,1085,109,36,F3-O1
h00011,brightened_010_095,198,26,2,F3-O1
h00011,verified_input,198,26,2,F3-O1
h00011,pointer_opt,198,26,2,F3-O1
h00011,standard_opt,177,26,2,F3-O1
h00011,storage_delift,177,26,2,F3-O1
h00011,residual_strip,177,26,2,F3-O1
h00011,final_clean,176,25,2,F3-O1
h00012,raw_lift,1002,87,26,F3-O1
h00012,brightened_010_095,128,15,1,F3-O1
h00012,verified_input,128,15,1,F3-O1
h00012,pointer_opt,128,15,1,F3-O1
h00012,standard_opt,118,15,1,F3-O1
h00012,storage_delift,118,15,1,F3-O1
h00012,residual_strip,118,15,1,F3-O1
h00012,final_clean,117,14,1,F3-O1
h00013,raw_lift,1005,101,33,F3-O1
h00013,brightened_010_095,160,18,1,F3-O1
h00013,verified_input,160,18,1,F3-O1
h00013,pointer_opt,160,18,1,F3-O1
h00013,standard_opt,148,18,1,F3-O1
h00013,storage_delift,148,18,1,F3-O1
h00013,residual_strip,148,18,1,F3-O1
h00013,final_clean,147,17,1,F3-O1
h00014,raw_lift,1862,159,61,F3-O1
h00014,brightened_010_095,1348,48,6,F3-O1
h00014,verified_input,1348,48,6,F3-O1
h00014,pointer_opt,1339,48,6,F3-O1
h00014,standard_opt,1223,48,6,F3-O1
h00014,storage_delift,1223,48,6,F3-O1
h00014,residual_strip,1223,48,6,F3-O1
h00014,final_clean,1129,47,6,F3-O1
h00015,raw_lift,1242,121,43,F3-O1
h00015,brightened_010_095,269,30,3,F3-O1
h00015,verified_input,269,30,3,F3-O1
h00015,pointer_opt,269,30,3,F3-O1
h00015,standard_opt,240,30,3,F3-O1
h00015,storage_delift,240,30,3,F3-O1
h00015,residual_strip,240,30,3,F3-O1
h00015,final_clean,239,29,3,F3-O1
h00016,raw_lift,1276,123,44,F3-O1
h00016,brightened_010_095,292,32,1,F3-O1
h00016,verified_input,292,32,1,F3-O1
h00016,pointer_opt,292,32,1,F3-O1
h00016,standard_opt,267,32,1,F3-O1
h00016,storage_delift,267,32,1,F3-O1
h00016,residual_strip,267,32,1,F3-O1
h00016,final_clean,266,31,1,F3-O1
h00017,raw_lift,1543,120,42,F3-O1
h00017,brightened_010_095,1062,42,4,F3-O1
h00017,verified_input,1062,42,4,F3-O1
h00017,pointer_opt,1056,42,4,F3-O1
h00017,standard_opt,953,42,4,F3-O1
h00017,storage_delift,953,42,4,F3-O1
h00017,residual_strip,953,42,4,F3-O1
h00017,final_clean,887,42,4,F3-O1
h00018,raw_lift,1539,156,60,F3-O1
h00018,brightened_010_095,1150,63,4,F3-O1
h00018,verified_input,1150,63,4,F3-O1
h00018,pointer_opt,1122,63,4,F3-O1
h00018,standard_opt,1098,63,4,F3-O1
h00018,storage_delift,1098,63,4,F3-O1
h00018,residual_strip,1098,63,4,F3-O1
h00018,final_clean,915,63,4,F3-O1
h00019,raw_lift,1355,137,51,F3-O1
h00019,brightened_010_095,347,39,1,F3-O1
h00019,verified_input,347,39,1,F3-O1
h00019,pointer_opt,347,39,1,F3-O1
h00019,standard_opt,313,39,1,F3-O1
h00019,storage_delift,313,39,1,F3-O1
h00019,residual_strip,313,39,1,F3-O1
h00019,final_clean,312,38,1,F3-O1
h00020,raw_lift,1505,125,44,F3-O1
h00020,brightened_010_095,1119,47,8,F3-O1
h00020,verified_input,1119,47,8,F3-O1
h00020,pointer_opt,1117,47,8,F3-O1
h00020,standard_opt,978,47,8,F3-O1
h00020,storage_delift,978,47,8,F3-O1
h00020,residual_strip,978,47,8,F3-O1
h00020,final_clean,889,47,8,F3-O1
h00021,raw_lift,1529,114,39,F3-O1
h00021,brightened_010_095,882,44,8,F3-O1
h00021,verified_input,882,44,8,F3-O1
h00021,pointer_opt,868,44,8,F3-O1
h00021,standard_opt,776,44,8,F3-O1
h00021,storage_delift,776,44,8,F3-O1
h00021,residual_strip,776,44,8,F3-O1
h00021,final_clean,732,44,8,F3-O1
h00022,raw_lift,693,63,13,F3-O1
h00022,brightened_010_095,470,10,1,F3-O1
h00022,verified_input,470,10,1,F3-O1
h00022,pointer_opt,470,10,1,F3-O1
h00022,standard_opt,378,10,1,F3-O1
h00022,storage_delift,378,10,1,F3-O1
h00022,residual_strip,378,10,1,F3-O1
h00022,final_clean,220,9,1,F3-O1
h00023,raw_lift,1402,133,49,F3-O1
h00023,brightened_010_095,345,35,2,F3-O1
h00023,verified_input,345,35,2,F3-O1
h00023,pointer_opt,345,35,2,F3-O1
h00023,standard_opt,313,35,2,F3-O1
h00023,storage_delift,313,35,2,F3-O1
h00023,residual_strip,313,35,2,F3-O1
h00023,final_clean,305,34,2,F3-O1
h00024,raw_lift,1107,94,29,F3-O1
h00024,brightened_010_095,695,30,2,F3-O1
h00024,verified_input,695,30,2,F3-O1
h00024,pointer_opt,682,30,2,F3-O1
h00024,standard_opt,630,30,2,F3-O1
h00024,storage_delift,630,30,2,F3-O1
h00024,residual_strip,630,30,2,F3-O1
h00024,final_clean,588,30,2,F3-O1
h00025,raw_lift,1281,124,43,F3-O1
h00025,brightened_010_095,988,44,5,F3-O1
h00025,verified_input,988,44,5,F3-O1
h00025,pointer_opt,979,44,5,F3-O1
h00025,standard_opt,873,44,5,F3-O1
h00025,storage_delift,873,44,5,F3-O1
h00025,residual_strip,873,44,5,F3-O1
h00025,final_clean,761,44,5,F3-O1
h00026,raw_lift,1718,188,76,F3-O1
h00026,brightened_010_095,1444,81,6,F3-O1
h00026,verified_input,1444,81,6,F3-O1
h00026,pointer_opt,1418,81,6,F3-O1
h00026,standard_opt,1344,79,6,F3-O1
h00026,storage_delift,1344,79,6,F3-O1
h00026,residual_strip,1344,79,6,F3-O1
h00026,final_clean,934,67,5,F3-O1
h00027,raw_lift,1746,190,77,F3-O1
h00027,brightened_010_095,1400,82,6,F3-O1
h00027,verified_input,1400,82,6,F3-O1
h00027,pointer_opt,1371,82,6,F3-O1
h00027,standard_opt,1288,82,6,F3-O1
h00027,storage_delift,1288,82,6,F3-O1
h00027,residual_strip,1288,82,6,F3-O1
h00027,final_clean,1106,82,6,F3-O1
h00028,raw_lift,1802,175,70,F3-O1
h00028,brightened_010_095,572,59,2,F3-O1
h00028,verified_input,572,59,2,F3-O1
h00028,pointer_opt,572,59,2,F3-O1
h00028,standard_opt,509,59,2,F3-O1
h00028,storage_delift,509,59,2,F3-O1
h00028,residual_strip,509,59,2,F3-O1
h00028,final_clean,507,58,2,F3-O1
h00029,raw_lift,2035,188,75,F3-O1
h00029,brightened_010_095,2010,90,17,F3-O1
h00029,verified_input,2010,90,17,F3-O1
h00029,pointer_opt,2005,90,17,F3-O1
h00029,standard_opt,1880,90,17,F3-O1
h00029,storage_delift,1880,90,17,F3-O1
h00029,residual_strip,1880,90,17,F3-O1
h00029,final_clean,1740,90,17,F3-O1
h00030,raw_lift,2132,243,104,F3-O1
h00030,brightened_010_095,705,93,2,F3-O1
h00030,verified_input,705,93,2,F3-O1
h00030,pointer_opt,705,93,2,F3-O1
h00030,standard_opt,637,93,2,F3-O1
h00030,storage_delift,637,93,2,F3-O1
h00030,residual_strip,637,93,2,F3-O1
h00030,final_clean,636,92,2,F3-O1
h00031,raw_lift,1769,168,66,F3-O1
h00031,brightened_010_095,1358,73,10,F3-O1
h00031,verified_input,1358,73,10,F3-O1
h00031,pointer_opt,1339,73,10,F3-O1
h00031,standard_opt,1261,73,10,F3-O1
h00031,storage_delift,1261,73,10,F3-O1
h00031,residual_strip,1261,73,10,F3-O1
h00031,final_clean,1174,73,10,F3-O1
h00032,raw_lift,1389,167,66,F3-O1
h00032,brightened_010_095,973,70,5,F3-O1
h00032,verified_input,973,70,5,F3-O1
h00032,pointer_opt,932,70,5,F3-O1
h00032,standard_opt,906,70,5,F3-O1
h00032,storage_delift,906,70,5,F3-O1
h00032,residual_strip,906,70,5,F3-O1
h00032,final_clean,783,70,5,F3-O1
h00033,raw_lift,1750,152,58,F3-O1
h00033,brightened_010_095,1465,62,6,F3-O1
h00033,verified_input,1465,62,6,F3-O1
h00033,pointer_opt,1458,62,6,F3-O1
h00033,standard_opt,1332,62,6,F3-O1
h00033,storage_delift,1332,62,6,F3-O1
h00033,residual_strip,1332,62,6,F3-O1
h00033,final_clean,1175,62,6,F3-O1
h00034,raw_lift,1816,175,67,F3-O1
h00034,brightened_010_095,1690,71,5,F3-O1
h00034,verified_input,1690,71,5,F3-O1
h00034,pointer_opt,1690,71,5,F3-O1
h00034,standard_opt,1666,71,5,F3-O1
h00034,storage_delift,1666,71,5,F3-O1
h00034,residual_strip,1666,71,5,F3-O1
h00034,final_clean,1357,71,5,F3-O1
h00035,raw_lift,1621,142,51,F3-O1
h00035,brightened_010_095,1223,53,5,F3-O1
h00035,verified_input,1223,53,5,F3-O1
h00035,pointer_opt,1207,53,5,F3-O1
h00035,standard_opt,1093,53,5,F3-O1
h00035,storage_delift,1093,53,5,F3-O1
h00035,residual_strip,1093,53,5,F3-O1
h00035,final_clean,990,53,5,F3-O1
h00036,raw_lift,1004,87,26,F3-O1
h00036,brightened_010_095,131,16,1,F3-O1
h00036,verified_input,131,16,1,F3-O1
h00036,pointer_opt,131,16,1,F3-O1
h00036,standard_opt,121,16,1,F3-O1
h00036,storage_delift,121,16,1,F3-O1
h00036,residual_strip,121,16,1,F3-O1
h00036,final_clean,120,15,1,F3-O1
h00037,raw_lift,1129,108,33,F3-O1
h00037,brightened_010_095,754,38,4,F3-O1
h00037,verified_input,754,38,4,F3-O1
h00037,pointer_opt,747,38,4,F3-O1
h00037,standard_opt,684,38,4,F3-O1
h00037,storage_delift,684,38,4,F3-O1
h00037,residual_strip,684,38,4,F3-O1
h00037,final_clean,626,38,4,F3-O1
h00038,raw_lift,2086,177,69,F3-O1
h00038,brightened_010_095,1431,55,6,F3-O1
h00038,verified_input,1431,55,6,F3-O1
h00038,pointer_opt,1417,55,6,F3-O1
h00038,standard_opt,1305,55,6,F3-O1
h00038,storage_delift,1305,55,6,F3-O1
h00038,residual_strip,1305,55,6,F3-O1
h00038,final_clean,0,0,0,F3-O1
h00039,raw_lift,1236,103,34,F3-O1
h00039,brightened_010_095,190,22,1,F3-O1
h00039,verified_input,190,22,1,F3-O1
h00039,pointer_opt,190,22,1,F3-O1
h00039,standard_opt,174,22,1,F3-O1
h00039,storage_delift,174,22,1,F3-O1
h00039,residual_strip,174,22,1,F3-O1
h00039,final_clean,173,21,1,F3-O1
h00040,raw_lift,1783,168,64,F3-O1
h00040,brightened_010_095,1988,72,6,F3-O1
h00040,verified_input,1988,72,6,F3-O1
h00040,pointer_opt,1988,72,6,F3-O1
h00040,standard_opt,1844,72,6,F3-O1
h00040,storage_delift,1844,72,6,F3-O1
h00040,residual_strip,1844,72,6,F3-O1
h00040,final_clean,1673,72,6,F3-O1
