dataset,level,boundary,opcode,metric_n,total_before,total_after,total_delta,cases_changed
own_v1,O1,main_default_opt_1,add,40,2142,2013,-129,21
own_v1,O1,main_default_opt_1,alloca,40,240,152,-88,40
own_v1,O1,main_default_opt_1,and,40,968,928,-40,20
own_v1,O1,main_default_opt_1,br,40,1471,1462,-9,39
own_v1,O1,main_default_opt_1,call,40,1114,738,-376,40
own_v1,O1,main_default_opt_1,getelementptr,40,3586,2675,-911,40
own_v1,O1,main_default_opt_1,icmp,40,1268,1248,-20,17
own_v1,O1,main_default_opt_1,inttoptr,40,1009,954,-55,23
own_v1,O1,main_default_opt_1,load,40,4702,4150,-552,40
own_v1,O1,main_default_opt_1,lshr,40,502,484,-18,17
own_v1,O1,main_default_opt_1,mul,34,144,136,-8,8
own_v1,O1,main_default_opt_1,or,16,29,25,-4,2
own_v1,O1,main_default_opt_1,phi,40,1049,1387,338,40
own_v1,O1,main_default_opt_1,ptrtoint,40,179,179,0,0
own_v1,O1,main_default_opt_1,ret,40,457,233,-224,40
own_v1,O1,main_default_opt_1,select,40,670,670,0,0
own_v1,O1,main_default_opt_1,sext,30,172,173,1,1
own_v1,O1,main_default_opt_1,shl,40,364,359,-5,3
own_v1,O1,main_default_opt_1,store,40,26631,25120,-1511,40
own_v1,O1,main_default_opt_1,switch,40,77,75,-2,1
own_v1,O1,main_default_opt_1,trunc,40,767,632,-135,40
own_v1,O1,main_default_opt_1,xor,40,1036,974,-62,24
own_v1,O1,main_default_opt_1,zext,40,1248,1196,-52,20
own_v1,O1,main_default_opt_2,add,40,1781,1842,61,25
own_v1,O1,main_default_opt_2,alloca,40,110,110,0,0
own_v1,O1,main_default_opt_2,and,40,915,762,-153,26
own_v1,O1,main_default_opt_2,br,40,1462,1433,-29,9
own_v1,O1,main_default_opt_2,call,40,590,538,-52,22
own_v1,O1,main_default_opt_2,getelementptr,40,2410,2320,-90,37
own_v1,O1,main_default_opt_2,icmp,40,1387,1178,-209,28
own_v1,O1,main_default_opt_2,inttoptr,40,875,798,-77,18
own_v1,O1,main_default_opt_2,load,40,3409,3430,21,23
own_v1,O1,main_default_opt_2,lshr,33,350,350,0,0
own_v1,O1,main_default_opt_2,mul,34,136,136,0,0
own_v1,O1,main_default_opt_2,or,15,25,25,0,0
own_v1,O1,main_default_opt_2,phi,40,1067,1044,-23,16
own_v1,O1,main_default_opt_2,ptrtoint,40,208,196,-12,6
own_v1,O1,main_default_opt_2,ret,40,234,234,0,0
own_v1,O1,main_default_opt_2,select,40,798,786,-12,6
own_v1,O1,main_default_opt_2,sext,30,172,172,0,0
own_v1,O1,main_default_opt_2,shl,40,359,358,-1,1
own_v1,O1,main_default_opt_2,store,40,18065,17979,-86,25
own_v1,O1,main_default_opt_2,sub,30,197,45,-152,25
own_v1,O1,main_default_opt_2,switch,40,75,73,-2,2
own_v1,O1,main_default_opt_2,trunc,30,454,451,-3,3
own_v1,O1,main_default_opt_2,xor,40,814,813,-1,1
own_v1,O1,main_default_opt_2,zext,35,918,917,-1,1
own_v1,O1,bundle_default_opt_3,add,40,1533,1515,-18,5
own_v1,O1,bundle_default_opt_3,alloca,40,110,110,0,0
own_v1,O1,bundle_default_opt_3,and,40,782,759,-23,4
own_v1,O1,bundle_default_opt_3,br,40,1433,1433,0,0
own_v1,O1,bundle_default_opt_3,call,40,593,588,-5,7
own_v1,O1,bundle_default_opt_3,getelementptr,40,2271,1871,-400,16
own_v1,O1,bundle_default_opt_3,icmp,40,1040,1038,-2,1
own_v1,O1,bundle_default_opt_3,inttoptr,40,582,580,-2,2
own_v1,O1,bundle_default_opt_3,load,40,3467,2768,-699,27
own_v1,O1,bundle_default_opt_3,lshr,33,350,350,0,0
own_v1,O1,bundle_default_opt_3,mul,34,136,136,0,0
own_v1,O1,bundle_default_opt_3,or,16,74,56,-18,2
own_v1,O1,bundle_default_opt_3,phi,37,937,918,-19,10
own_v1,O1,bundle_default_opt_3,ptrtoint,40,138,126,-12,9
own_v1,O1,bundle_default_opt_3,ret,40,252,251,-1,1
own_v1,O1,bundle_default_opt_3,select,40,628,626,-2,1
own_v1,O1,bundle_default_opt_3,shl,40,355,354,-1,1
own_v1,O1,bundle_default_opt_3,store,40,15625,14352,-1273,27
own_v1,O1,bundle_default_opt_3,switch,40,73,73,0,0
own_v1,O1,bundle_default_opt_3,trunc,28,450,449,-1,1
own_v1,O1,bundle_default_opt_3,xor,40,813,813,0,0
own_v1,O1,bundle_default_opt_3,zext,35,783,776,-7,3
own_v1,O1,bundle_default_opt_4,add,40,1515,1515,0,0
own_v1,O1,bundle_default_opt_4,alloca,40,110,110,0,0
own_v1,O1,bundle_default_opt_4,and,40,759,759,0,0
own_v1,O1,bundle_default_opt_4,br,40,1433,1433,0,0
own_v1,O1,bundle_default_opt_4,call,40,588,588,0,0
own_v1,O1,bundle_default_opt_4,getelementptr,40,1871,1864,-7,1
own_v1,O1,bundle_default_opt_4,icmp,40,1038,1038,0,0
own_v1,O1,bundle_default_opt_4,inttoptr,40,580,580,0,0
own_v1,O1,bundle_default_opt_4,load,40,2768,2756,-12,2
own_v1,O1,bundle_default_opt_4,lshr,33,350,350,0,0
own_v1,O1,bundle_default_opt_4,mul,34,136,136,0,0
own_v1,O1,bundle_default_opt_4,or,16,56,52,-4,3
own_v1,O1,bundle_default_opt_4,phi,37,918,918,0,0
own_v1,O1,bundle_default_opt_4,ptrtoint,40,126,126,0,0
own_v1,O1,bundle_default_opt_4,ret,40,251,251,0,0
own_v1,O1,bundle_default_opt_4,select,40,626,626,0,0
own_v1,O1,bundle_default_opt_4,shl,40,354,354,0,0
own_v1,O1,bundle_default_opt_4,store,40,14352,14340,-12,2
own_v1,O1,bundle_default_opt_4,switch,40,73,73,0,0
own_v1,O1,bundle_default_opt_4,trunc,28,449,449,0,0
own_v1,O1,bundle_default_opt_4,xor,40,813,813,0,0
own_v1,O1,bundle_default_opt_4,zext,35,776,776,0,0
own_v1,O1,bundle_post_opt_4_custom_cleanup,add,40,1515,1440,-75,5
own_v1,O1,bundle_post_opt_4_custom_cleanup,alloca,40,110,109,-1,1
own_v1,O1,bundle_post_opt_4_custom_cleanup,and,40,759,692,-67,10
own_v1,O1,bundle_post_opt_4_custom_cleanup,br,40,1433,1389,-44,2
own_v1,O1,bundle_post_opt_4_custom_cleanup,call,40,588,559,-29,8
own_v1,O1,bundle_post_opt_4_custom_cleanup,getelementptr,40,1864,1825,-39,4
own_v1,O1,bundle_post_opt_4_custom_cleanup,icmp,40,1038,996,-42,3
own_v1,O1,bundle_post_opt_4_custom_cleanup,inttoptr,40,580,549,-31,2
own_v1,O1,bundle_post_opt_4_custom_cleanup,load,40,2756,2608,-148,10
own_v1,O1,bundle_post_opt_4_custom_cleanup,lshr,33,350,318,-32,7
own_v1,O1,bundle_post_opt_4_custom_cleanup,mul,34,136,132,-4,2
own_v1,O1,bundle_post_opt_4_custom_cleanup,or,16,52,37,-15,2
own_v1,O1,bundle_post_opt_4_custom_cleanup,phi,37,918,831,-87,8
own_v1,O1,bundle_post_opt_4_custom_cleanup,ptrtoint,40,126,114,-12,7
own_v1,O1,bundle_post_opt_4_custom_cleanup,ret,40,251,223,-28,18
own_v1,O1,bundle_post_opt_4_custom_cleanup,select,40,626,615,-11,1
own_v1,O1,bundle_post_opt_4_custom_cleanup,shl,40,354,340,-14,1
own_v1,O1,bundle_post_opt_4_custom_cleanup,store,40,14340,10901,-3439,27
own_v1,O1,bundle_post_opt_4_custom_cleanup,switch,40,73,69,-4,1
own_v1,O1,bundle_post_opt_4_custom_cleanup,trunc,28,449,398,-51,7
own_v1,O1,bundle_post_opt_4_custom_cleanup,xor,40,813,756,-57,8
own_v1,O1,bundle_post_opt_4_custom_cleanup,zext,35,776,697,-79,13
own_v1,O1,main_default_opt_1,sdiv,5,9,9,0,0
own_v1,O1,main_default_opt_1,unreachable,4,5,5,0,0
own_v1,O1,main_default_opt_2,sdiv,5,9,9,0,0
own_v1,O1,main_default_opt_2,unreachable,4,5,5,0,0
own_v1,O1,bundle_default_opt_3,sdiv,5,9,9,0,0
own_v1,O1,bundle_default_opt_3,sext,25,141,140,-1,1
own_v1,O1,bundle_default_opt_3,unreachable,4,5,5,0,0
own_v1,O1,bundle_default_opt_4,sdiv,5,9,9,0,0
own_v1,O1,bundle_default_opt_4,sext,25,140,140,0,0
own_v1,O1,bundle_default_opt_4,unreachable,4,5,5,0,0
own_v1,O1,bundle_post_opt_4_custom_cleanup,sdiv,5,9,5,-4,1
own_v1,O1,bundle_post_opt_4_custom_cleanup,sext,25,140,132,-8,2
own_v1,O1,bundle_post_opt_4_custom_cleanup,unreachable,4,5,4,-1,1
own_v1,O1,main_default_opt_1,ashr,6,12,12,0,0
own_v1,O1,main_default_opt_1,sub,17,44,44,0,0
own_v1,O1,main_default_opt_2,ashr,5,11,11,0,0
own_v1,O1,bundle_default_opt_3,ashr,5,11,11,0,0
own_v1,O1,bundle_default_opt_3,sub,17,45,45,0,0
own_v1,O1,bundle_default_opt_4,ashr,5,11,11,0,0
own_v1,O1,bundle_default_opt_4,sub,17,45,45,0,0
own_v1,O1,bundle_post_opt_4_custom_cleanup,ashr,5,11,6,-5,1
own_v1,O1,bundle_post_opt_4_custom_cleanup,sub,17,45,39,-6,1
own_v1,O1,main_default_opt_1,freeze,1,3,3,0,0
own_v1,O1,main_default_opt_1,urem,3,5,5,0,0
own_v1,O1,main_default_opt_2,freeze,1,3,3,0,0
own_v1,O1,main_default_opt_2,urem,3,5,5,0,0
own_v1,O1,bundle_default_opt_3,freeze,1,3,3,0,0
own_v1,O1,bundle_default_opt_3,urem,3,5,5,0,0
own_v1,O1,bundle_default_opt_4,freeze,1,3,3,0,0
own_v1,O1,bundle_default_opt_4,urem,3,5,5,0,0
own_v1,O1,bundle_post_opt_4_custom_cleanup,freeze,1,3,3,0,0
own_v1,O1,bundle_post_opt_4_custom_cleanup,urem,3,5,5,0,0
own_v1,O1,main_default_opt_1,srem,4,12,12,0,0
own_v1,O1,main_default_opt_2,srem,4,12,12,0,0
own_v1,O1,bundle_default_opt_3,srem,4,12,12,0,0
own_v1,O1,bundle_default_opt_4,srem,4,12,12,0,0
own_v1,O1,bundle_post_opt_4_custom_cleanup,srem,4,12,9,-3,1
own_v1,O1,main_default_opt_1,udiv,2,2,2,0,0
own_v1,O1,main_default_opt_2,udiv,2,2,2,0,0
own_v1,O1,bundle_default_opt_3,udiv,1,1,1,0,0
own_v1,O1,bundle_default_opt_4,udiv,1,1,1,0,0
own_v1,O1,bundle_post_opt_4_custom_cleanup,udiv,1,1,1,0,0
own_v1,O2,main_default_opt_1,add,40,2142,2001,-141,22
own_v1,O2,main_default_opt_1,alloca,40,240,152,-88,40
own_v1,O2,main_default_opt_1,and,40,968,928,-40,20
own_v1,O2,main_default_opt_1,br,40,1471,1458,-13,40
own_v1,O2,main_default_opt_1,call,40,1114,738,-376,40
own_v1,O2,main_default_opt_1,getelementptr,40,3586,2674,-912,40
own_v1,O2,main_default_opt_1,icmp,40,1268,1248,-20,17
own_v1,O2,main_default_opt_1,inttoptr,40,1009,942,-67,23
own_v1,O2,main_default_opt_1,load,40,4702,4140,-562,40
own_v1,O2,main_default_opt_1,lshr,40,502,484,-18,17
own_v1,O2,main_default_opt_1,mul,34,144,136,-8,8
own_v1,O2,main_default_opt_1,or,16,29,25,-4,2
own_v1,O2,main_default_opt_1,phi,40,1049,1374,325,40
own_v1,O2,main_default_opt_1,ptrtoint,40,179,145,-34,24
own_v1,O2,main_default_opt_1,ret,40,457,233,-224,40
own_v1,O2,main_default_opt_1,select,40,670,670,0,0
own_v1,O2,main_default_opt_1,sext,30,172,172,0,2
own_v1,O2,main_default_opt_1,shl,40,364,359,-5,3
own_v1,O2,main_default_opt_1,store,40,26631,24749,-1882,40
own_v1,O2,main_default_opt_1,switch,40,77,75,-2,1
own_v1,O2,main_default_opt_1,trunc,40,767,630,-137,40
own_v1,O2,main_default_opt_1,xor,40,1036,974,-62,24
own_v1,O2,main_default_opt_1,zext,40,1248,1139,-109,40
own_v1,O2,main_default_opt_2,add,40,1766,1749,-17,22
own_v1,O2,main_default_opt_2,alloca,40,110,110,0,0
own_v1,O2,main_default_opt_2,and,40,915,762,-153,26
own_v1,O2,main_default_opt_2,br,40,1458,1430,-28,8
own_v1,O2,main_default_opt_2,call,40,590,538,-52,22
own_v1,O2,main_default_opt_2,getelementptr,40,2409,2018,-391,36
own_v1,O2,main_default_opt_2,icmp,40,1387,1178,-209,28
own_v1,O2,main_default_opt_2,inttoptr,40,863,727,-136,15
own_v1,O2,main_default_opt_2,load,40,3399,3417,18,23
own_v1,O2,main_default_opt_2,lshr,33,350,350,0,0
own_v1,O2,main_default_opt_2,mul,34,136,136,0,0
own_v1,O2,main_default_opt_2,or,15,25,25,0,0
own_v1,O2,main_default_opt_2,phi,40,1054,1025,-29,12
own_v1,O2,main_default_opt_2,ptrtoint,40,192,180,-12,6
own_v1,O2,main_default_opt_2,ret,40,234,234,0,0
own_v1,O2,main_default_opt_2,select,40,798,786,-12,6
own_v1,O2,main_default_opt_2,sext,29,171,171,0,0
own_v1,O2,main_default_opt_2,shl,40,359,358,-1,1
own_v1,O2,main_default_opt_2,store,40,17772,17464,-308,36
own_v1,O2,main_default_opt_2,sub,30,197,45,-152,25
own_v1,O2,main_default_opt_2,switch,40,75,73,-2,2
own_v1,O2,main_default_opt_2,trunc,30,452,449,-3,3
own_v1,O2,main_default_opt_2,xor,40,814,813,-1,1
own_v1,O2,main_default_opt_2,zext,35,874,873,-1,1
own_v1,O2,bundle_default_opt_3,add,40,1517,1501,-16,4
own_v1,O2,bundle_default_opt_3,alloca,40,110,110,0,0
own_v1,O2,bundle_default_opt_3,and,40,771,723,-48,11
own_v1,O2,bundle_default_opt_3,br,40,1430,1427,-3,1
own_v1,O2,bundle_default_opt_3,call,40,593,573,-20,11
own_v1,O2,bundle_default_opt_3,getelementptr,40,1896,1861,-35,16
own_v1,O2,bundle_default_opt_3,icmp,40,1040,1022,-18,3
own_v1,O2,bundle_default_opt_3,inttoptr,40,582,578,-4,2
own_v1,O2,bundle_default_opt_3,load,40,3445,2711,-734,27
own_v1,O2,bundle_default_opt_3,lshr,33,350,329,-21,7
own_v1,O2,bundle_default_opt_3,mul,34,136,135,-1,1
own_v1,O2,bundle_default_opt_3,or,15,67,48,-19,5
own_v1,O2,bundle_default_opt_3,phi,37,909,876,-33,11
own_v1,O2,bundle_default_opt_3,ptrtoint,40,127,110,-17,11
own_v1,O2,bundle_default_opt_3,ret,40,252,245,-7,1
own_v1,O2,bundle_default_opt_3,select,40,628,626,-2,1
own_v1,O2,bundle_default_opt_3,shl,40,355,353,-2,2
own_v1,O2,bundle_default_opt_3,store,40,14920,11552,-3368,27
own_v1,O2,bundle_default_opt_3,switch,40,73,73,0,0
own_v1,O2,bundle_default_opt_3,trunc,28,449,416,-33,7
own_v1,O2,bundle_default_opt_3,xor,40,813,779,-34,8
own_v1,O2,bundle_default_opt_3,zext,35,732,697,-35,19
own_v1,O2,bundle_default_opt_4,add,40,1501,1497,-4,3
own_v1,O2,bundle_default_opt_4,alloca,40,110,110,0,0
own_v1,O2,bundle_default_opt_4,and,40,723,720,-3,3
own_v1,O2,bundle_default_opt_4,br,40,1427,1427,0,0
own_v1,O2,bundle_default_opt_4,call,40,573,573,0,0
own_v1,O2,bundle_default_opt_4,getelementptr,40,1861,1861,0,0
own_v1,O2,bundle_default_opt_4,icmp,40,1022,1016,-6,4
own_v1,O2,bundle_default_opt_4,inttoptr,40,578,578,0,0
own_v1,O2,bundle_default_opt_4,load,40,2711,2711,0,0
own_v1,O2,bundle_default_opt_4,lshr,33,329,327,-2,2
own_v1,O2,bundle_default_opt_4,mul,34,135,135,0,0
own_v1,O2,bundle_default_opt_4,or,14,48,48,0,0
own_v1,O2,bundle_default_opt_4,phi,37,876,876,0,0
own_v1,O2,bundle_default_opt_4,ptrtoint,40,110,110,0,0
own_v1,O2,bundle_default_opt_4,ret,40,245,245,0,0
own_v1,O2,bundle_default_opt_4,select,40,626,626,0,0
own_v1,O2,bundle_default_opt_4,shl,40,353,353,0,0
own_v1,O2,bundle_default_opt_4,store,40,11552,11179,-373,25
own_v1,O2,bundle_default_opt_4,switch,40,73,73,0,0
own_v1,O2,bundle_default_opt_4,trunc,28,416,416,0,0
own_v1,O2,bundle_default_opt_4,xor,40,779,777,-2,2
own_v1,O2,bundle_default_opt_4,zext,35,697,691,-6,4
own_v1,O2,bundle_post_opt_4_custom_cleanup,add,40,1497,1436,-61,2
own_v1,O2,bundle_post_opt_4_custom_cleanup,alloca,40,110,109,-1,1
own_v1,O2,bundle_post_opt_4_custom_cleanup,and,40,720,686,-34,1
own_v1,O2,bundle_post_opt_4_custom_cleanup,br,40,1427,1386,-41,1
own_v1,O2,bundle_post_opt_4_custom_cleanup,call,40,573,560,-13,2
own_v1,O2,bundle_post_opt_4_custom_cleanup,getelementptr,40,1861,1825,-36,2
own_v1,O2,bundle_post_opt_4_custom_cleanup,icmp,40,1016,990,-26,1
own_v1,O2,bundle_post_opt_4_custom_cleanup,inttoptr,40,578,549,-29,1
own_v1,O2,bundle_post_opt_4_custom_cleanup,load,40,2711,2604,-107,1
own_v1,O2,bundle_post_opt_4_custom_cleanup,lshr,33,327,315,-12,1
own_v1,O2,bundle_post_opt_4_custom_cleanup,mul,34,135,132,-3,1
own_v1,O2,bundle_post_opt_4_custom_cleanup,or,14,48,34,-14,1
own_v1,O2,bundle_post_opt_4_custom_cleanup,phi,37,876,817,-59,1
own_v1,O2,bundle_post_opt_4_custom_cleanup,ptrtoint,40,110,107,-3,1
own_v1,O2,bundle_post_opt_4_custom_cleanup,ret,40,245,223,-22,18
own_v1,O2,bundle_post_opt_4_custom_cleanup,select,40,626,615,-11,1
own_v1,O2,bundle_post_opt_4_custom_cleanup,shl,40,353,339,-14,1
own_v1,O2,bundle_post_opt_4_custom_cleanup,store,40,11179,10710,-469,15
own_v1,O2,bundle_post_opt_4_custom_cleanup,switch,40,73,69,-4,1
own_v1,O2,bundle_post_opt_4_custom_cleanup,trunc,28,416,397,-19,1
own_v1,O2,bundle_post_opt_4_custom_cleanup,xor,40,777,753,-24,1
own_v1,O2,bundle_post_opt_4_custom_cleanup,zext,35,691,656,-35,1
own_v1,O2,main_default_opt_1,sdiv,5,9,9,0,0
own_v1,O2,main_default_opt_1,unreachable,4,5,5,0,0
own_v1,O2,main_default_opt_2,sdiv,5,9,9,0,0
own_v1,O2,main_default_opt_2,unreachable,4,5,5,0,0
own_v1,O2,bundle_default_opt_3,sdiv,5,9,9,0,0
own_v1,O2,bundle_default_opt_3,sext,24,139,138,-1,1
own_v1,O2,bundle_default_opt_3,unreachable,4,5,5,0,0
own_v1,O2,bundle_default_opt_4,sdiv,5,9,9,0,0
own_v1,O2,bundle_default_opt_4,sext,24,138,138,0,0
own_v1,O2,bundle_default_opt_4,unreachable,4,5,5,0,0
own_v1,O2,bundle_post_opt_4_custom_cleanup,sdiv,5,9,5,-4,1
own_v1,O2,bundle_post_opt_4_custom_cleanup,sext,24,138,131,-7,1
own_v1,O2,bundle_post_opt_4_custom_cleanup,unreachable,4,5,4,-1,1
own_v1,O2,main_default_opt_1,ashr,6,12,12,0,0
own_v1,O2,main_default_opt_1,sub,17,44,44,0,0
own_v1,O2,main_default_opt_2,ashr,5,11,11,0,0
own_v1,O2,bundle_default_opt_3,ashr,5,11,11,0,0
own_v1,O2,bundle_default_opt_3,sub,17,45,45,0,0
own_v1,O2,bundle_default_opt_4,ashr,5,11,11,0,0
own_v1,O2,bundle_default_opt_4,sub,17,45,45,0,0
own_v1,O2,bundle_post_opt_4_custom_cleanup,ashr,5,11,6,-5,1
own_v1,O2,bundle_post_opt_4_custom_cleanup,sub,17,45,39,-6,1
own_v1,O2,main_default_opt_1,freeze,1,3,3,0,0
own_v1,O2,main_default_opt_1,urem,3,5,5,0,0
own_v1,O2,main_default_opt_2,freeze,1,3,3,0,0
own_v1,O2,main_default_opt_2,urem,3,5,5,0,0
own_v1,O2,bundle_default_opt_3,freeze,1,3,3,0,0
own_v1,O2,bundle_default_opt_3,urem,3,5,5,0,0
own_v1,O2,bundle_default_opt_4,freeze,1,3,3,0,0
own_v1,O2,bundle_default_opt_4,urem,3,5,5,0,0
own_v1,O2,bundle_post_opt_4_custom_cleanup,freeze,1,3,3,0,0
own_v1,O2,bundle_post_opt_4_custom_cleanup,urem,3,5,5,0,0
own_v1,O2,main_default_opt_1,srem,4,12,12,0,0
own_v1,O2,main_default_opt_2,srem,4,12,12,0,0
own_v1,O2,bundle_default_opt_3,srem,4,12,12,0,0
own_v1,O2,bundle_default_opt_4,srem,4,12,12,0,0
own_v1,O2,bundle_post_opt_4_custom_cleanup,srem,4,12,9,-3,1
own_v1,O2,main_default_opt_1,udiv,2,2,2,0,0
own_v1,O2,main_default_opt_2,udiv,2,2,2,0,0
own_v1,O2,bundle_default_opt_3,udiv,1,1,1,0,0
own_v1,O2,bundle_default_opt_4,udiv,1,1,1,0,0
own_v1,O2,bundle_post_opt_4_custom_cleanup,udiv,1,1,1,0,0
own_v1,O3,main_default_opt_1,add,40,2142,2001,-141,22
own_v1,O3,main_default_opt_1,alloca,40,240,152,-88,40
own_v1,O3,main_default_opt_1,and,40,968,928,-40,20
own_v1,O3,main_default_opt_1,br,40,1471,1458,-13,40
own_v1,O3,main_default_opt_1,call,40,1114,738,-376,40
own_v1,O3,main_default_opt_1,getelementptr,40,3586,2674,-912,40
own_v1,O3,main_default_opt_1,icmp,40,1268,1248,-20,17
own_v1,O3,main_default_opt_1,inttoptr,40,1009,942,-67,23
own_v1,O3,main_default_opt_1,load,40,4702,4140,-562,40
own_v1,O3,main_default_opt_1,lshr,40,502,484,-18,17
own_v1,O3,main_default_opt_1,mul,34,144,136,-8,8
own_v1,O3,main_default_opt_1,or,16,29,25,-4,2
own_v1,O3,main_default_opt_1,phi,40,1049,1374,325,40
own_v1,O3,main_default_opt_1,ptrtoint,40,179,145,-34,24
own_v1,O3,main_default_opt_1,ret,40,457,233,-224,40
own_v1,O3,main_default_opt_1,select,40,670,670,0,0
own_v1,O3,main_default_opt_1,sext,30,172,172,0,2
own_v1,O3,main_default_opt_1,shl,40,364,359,-5,3
own_v1,O3,main_default_opt_1,store,40,26631,24749,-1882,40
own_v1,O3,main_default_opt_1,switch,40,77,75,-2,1
own_v1,O3,main_default_opt_1,trunc,40,767,630,-137,40
own_v1,O3,main_default_opt_1,xor,40,1036,974,-62,24
own_v1,O3,main_default_opt_1,zext,40,1248,1139,-109,40
own_v1,O3,main_default_opt_2,add,40,1766,1749,-17,22
own_v1,O3,main_default_opt_2,alloca,40,110,110,0,0
own_v1,O3,main_default_opt_2,and,40,915,762,-153,26
own_v1,O3,main_default_opt_2,br,40,1458,1430,-28,8
own_v1,O3,main_default_opt_2,call,40,590,538,-52,22
own_v1,O3,main_default_opt_2,getelementptr,40,2409,2018,-391,36
own_v1,O3,main_default_opt_2,icmp,40,1387,1178,-209,28
own_v1,O3,main_default_opt_2,inttoptr,40,863,727,-136,15
own_v1,O3,main_default_opt_2,load,40,3399,3417,18,23
own_v1,O3,main_default_opt_2,lshr,33,350,350,0,0
own_v1,O3,main_default_opt_2,mul,34,136,136,0,0
own_v1,O3,main_default_opt_2,or,15,25,25,0,0
own_v1,O3,main_default_opt_2,phi,40,1054,1025,-29,12
own_v1,O3,main_default_opt_2,ptrtoint,40,192,180,-12,6
own_v1,O3,main_default_opt_2,ret,40,234,234,0,0
own_v1,O3,main_default_opt_2,select,40,798,786,-12,6
own_v1,O3,main_default_opt_2,sext,29,171,171,0,0
own_v1,O3,main_default_opt_2,shl,40,359,358,-1,1
own_v1,O3,main_default_opt_2,store,40,17772,17464,-308,36
own_v1,O3,main_default_opt_2,sub,30,197,45,-152,25
own_v1,O3,main_default_opt_2,switch,40,75,73,-2,2
own_v1,O3,main_default_opt_2,trunc,30,452,449,-3,3
own_v1,O3,main_default_opt_2,xor,40,814,813,-1,1
own_v1,O3,main_default_opt_2,zext,35,874,873,-1,1
own_v1,O3,bundle_default_opt_3,add,40,1517,1501,-16,4
own_v1,O3,bundle_default_opt_3,alloca,40,110,110,0,0
own_v1,O3,bundle_default_opt_3,and,40,771,723,-48,11
own_v1,O3,bundle_default_opt_3,br,40,1430,1427,-3,1
own_v1,O3,bundle_default_opt_3,call,40,593,573,-20,11
own_v1,O3,bundle_default_opt_3,getelementptr,40,1896,1861,-35,16
own_v1,O3,bundle_default_opt_3,icmp,40,1040,1022,-18,3
own_v1,O3,bundle_default_opt_3,inttoptr,40,582,578,-4,2
own_v1,O3,bundle_default_opt_3,load,40,3445,2711,-734,27
own_v1,O3,bundle_default_opt_3,lshr,33,350,329,-21,7
own_v1,O3,bundle_default_opt_3,mul,34,136,135,-1,1
own_v1,O3,bundle_default_opt_3,or,15,67,48,-19,5
own_v1,O3,bundle_default_opt_3,phi,37,909,876,-33,11
own_v1,O3,bundle_default_opt_3,ptrtoint,40,127,110,-17,11
own_v1,O3,bundle_default_opt_3,ret,40,252,245,-7,1
own_v1,O3,bundle_default_opt_3,select,40,628,626,-2,1
own_v1,O3,bundle_default_opt_3,shl,40,355,353,-2,2
own_v1,O3,bundle_default_opt_3,store,40,14920,11552,-3368,27
own_v1,O3,bundle_default_opt_3,switch,40,73,73,0,0
own_v1,O3,bundle_default_opt_3,trunc,28,449,416,-33,7
own_v1,O3,bundle_default_opt_3,xor,40,813,779,-34,8
own_v1,O3,bundle_default_opt_3,zext,35,732,697,-35,19
own_v1,O3,bundle_default_opt_4,add,40,1501,1497,-4,3
own_v1,O3,bundle_default_opt_4,alloca,40,110,110,0,0
own_v1,O3,bundle_default_opt_4,and,40,723,720,-3,3
own_v1,O3,bundle_default_opt_4,br,40,1427,1427,0,0
own_v1,O3,bundle_default_opt_4,call,40,573,573,0,0
own_v1,O3,bundle_default_opt_4,getelementptr,40,1861,1861,0,0
own_v1,O3,bundle_default_opt_4,icmp,40,1022,1016,-6,4
own_v1,O3,bundle_default_opt_4,inttoptr,40,578,578,0,0
own_v1,O3,bundle_default_opt_4,load,40,2711,2711,0,0
own_v1,O3,bundle_default_opt_4,lshr,33,329,327,-2,2
own_v1,O3,bundle_default_opt_4,mul,34,135,135,0,0
own_v1,O3,bundle_default_opt_4,or,14,48,48,0,0
own_v1,O3,bundle_default_opt_4,phi,37,876,876,0,0
own_v1,O3,bundle_default_opt_4,ptrtoint,40,110,110,0,0
own_v1,O3,bundle_default_opt_4,ret,40,245,245,0,0
own_v1,O3,bundle_default_opt_4,select,40,626,626,0,0
own_v1,O3,bundle_default_opt_4,shl,40,353,353,0,0
own_v1,O3,bundle_default_opt_4,store,40,11552,11179,-373,25
own_v1,O3,bundle_default_opt_4,switch,40,73,73,0,0
own_v1,O3,bundle_default_opt_4,trunc,28,416,416,0,0
own_v1,O3,bundle_default_opt_4,xor,40,779,777,-2,2
own_v1,O3,bundle_default_opt_4,zext,35,697,691,-6,4
own_v1,O3,bundle_post_opt_4_custom_cleanup,add,40,1497,1436,-61,2
own_v1,O3,bundle_post_opt_4_custom_cleanup,alloca,40,110,109,-1,1
own_v1,O3,bundle_post_opt_4_custom_cleanup,and,40,720,686,-34,1
own_v1,O3,bundle_post_opt_4_custom_cleanup,br,40,1427,1386,-41,1
own_v1,O3,bundle_post_opt_4_custom_cleanup,call,40,573,560,-13,2
own_v1,O3,bundle_post_opt_4_custom_cleanup,getelementptr,40,1861,1825,-36,2
own_v1,O3,bundle_post_opt_4_custom_cleanup,icmp,40,1016,990,-26,1
own_v1,O3,bundle_post_opt_4_custom_cleanup,inttoptr,40,578,549,-29,1
own_v1,O3,bundle_post_opt_4_custom_cleanup,load,40,2711,2604,-107,1
own_v1,O3,bundle_post_opt_4_custom_cleanup,lshr,33,327,315,-12,1
own_v1,O3,bundle_post_opt_4_custom_cleanup,mul,34,135,132,-3,1
own_v1,O3,bundle_post_opt_4_custom_cleanup,or,14,48,34,-14,1
own_v1,O3,bundle_post_opt_4_custom_cleanup,phi,37,876,817,-59,1
own_v1,O3,bundle_post_opt_4_custom_cleanup,ptrtoint,40,110,107,-3,1
own_v1,O3,bundle_post_opt_4_custom_cleanup,ret,40,245,223,-22,18
own_v1,O3,bundle_post_opt_4_custom_cleanup,select,40,626,615,-11,1
own_v1,O3,bundle_post_opt_4_custom_cleanup,shl,40,353,339,-14,1
own_v1,O3,bundle_post_opt_4_custom_cleanup,store,40,11179,10710,-469,15
own_v1,O3,bundle_post_opt_4_custom_cleanup,switch,40,73,69,-4,1
own_v1,O3,bundle_post_opt_4_custom_cleanup,trunc,28,416,397,-19,1
own_v1,O3,bundle_post_opt_4_custom_cleanup,xor,40,777,753,-24,1
own_v1,O3,bundle_post_opt_4_custom_cleanup,zext,35,691,656,-35,1
own_v1,O3,main_default_opt_1,sdiv,5,9,9,0,0
own_v1,O3,main_default_opt_1,unreachable,4,5,5,0,0
own_v1,O3,main_default_opt_2,sdiv,5,9,9,0,0
own_v1,O3,main_default_opt_2,unreachable,4,5,5,0,0
own_v1,O3,bundle_default_opt_3,sdiv,5,9,9,0,0
own_v1,O3,bundle_default_opt_3,sext,24,139,138,-1,1
own_v1,O3,bundle_default_opt_3,unreachable,4,5,5,0,0
own_v1,O3,bundle_default_opt_4,sdiv,5,9,9,0,0
own_v1,O3,bundle_default_opt_4,sext,24,138,138,0,0
own_v1,O3,bundle_default_opt_4,unreachable,4,5,5,0,0
own_v1,O3,bundle_post_opt_4_custom_cleanup,sdiv,5,9,5,-4,1
own_v1,O3,bundle_post_opt_4_custom_cleanup,sext,24,138,131,-7,1
own_v1,O3,bundle_post_opt_4_custom_cleanup,unreachable,4,5,4,-1,1
own_v1,O3,main_default_opt_1,ashr,6,12,12,0,0
own_v1,O3,main_default_opt_1,sub,17,44,44,0,0
own_v1,O3,main_default_opt_2,ashr,5,11,11,0,0
own_v1,O3,bundle_default_opt_3,ashr,5,11,11,0,0
own_v1,O3,bundle_default_opt_3,sub,17,45,45,0,0
own_v1,O3,bundle_default_opt_4,ashr,5,11,11,0,0
own_v1,O3,bundle_default_opt_4,sub,17,45,45,0,0
own_v1,O3,bundle_post_opt_4_custom_cleanup,ashr,5,11,6,-5,1
own_v1,O3,bundle_post_opt_4_custom_cleanup,sub,17,45,39,-6,1
own_v1,O3,main_default_opt_1,freeze,1,3,3,0,0
own_v1,O3,main_default_opt_1,urem,3,5,5,0,0
own_v1,O3,main_default_opt_2,freeze,1,3,3,0,0
own_v1,O3,main_default_opt_2,urem,3,5,5,0,0
own_v1,O3,bundle_default_opt_3,freeze,1,3,3,0,0
own_v1,O3,bundle_default_opt_3,urem,3,5,5,0,0
own_v1,O3,bundle_default_opt_4,freeze,1,3,3,0,0
own_v1,O3,bundle_default_opt_4,urem,3,5,5,0,0
own_v1,O3,bundle_post_opt_4_custom_cleanup,freeze,1,3,3,0,0
own_v1,O3,bundle_post_opt_4_custom_cleanup,urem,3,5,5,0,0
own_v1,O3,main_default_opt_1,srem,4,12,12,0,0
own_v1,O3,main_default_opt_2,srem,4,12,12,0,0
own_v1,O3,bundle_default_opt_3,srem,4,12,12,0,0
own_v1,O3,bundle_default_opt_4,srem,4,12,12,0,0
own_v1,O3,bundle_post_opt_4_custom_cleanup,srem,4,12,9,-3,1
own_v1,O3,main_default_opt_1,udiv,2,2,2,0,0
own_v1,O3,main_default_opt_2,udiv,2,2,2,0,0
own_v1,O3,bundle_default_opt_3,udiv,1,1,1,0,0
own_v1,O3,bundle_default_opt_4,udiv,1,1,1,0,0
own_v1,O3,bundle_post_opt_4_custom_cleanup,udiv,1,1,1,0,0
